C251 COMPILER V5.60.0,  tasks                                                              03/12/25  17:09:37  PAGE 1   


C251 COMPILER V5.60.0, COMPILATION OF MODULE tasks
OBJECT MODULE PLACED IN .\Objects\tasks.obj
COMPILER INVOKED BY: D:\MDK\C251\BIN\C251.EXE FreeRTOS\tasks.c XSMALL INTR2 FUNCTIONS(REENTRANT) BROWSE INCDIR(.\FreeRTO
                    -S\include;.\library;.\FreeRTOS\portable\STC32G12K128) DEBUG PRINT(.\Listings\tasks.lst) OBJECT(.\Objects\tasks.obj) 

stmt  level    source

    1          /*
    2           * FreeRTOS Kernel V10.5.1
    3           * Copyright (C) 2021 Amazon.com, Inc. or its affiliates.  All Rights Reserved.
    4           *
    5           * SPDX-License-Identifier: MIT
    6           *
    7           * Permission is hereby granted, free of charge, to any person obtaining a copy of
    8           * this software and associated documentation files (the "Software"), to deal in
    9           * the Software without restriction, including without limitation the rights to
   10           * use, copy, modify, merge, publish, distribute, sublicense, and/or sell copies of
   11           * the Software, and to permit persons to whom the Software is furnished to do so,
   12           * subject to the following conditions:
   13           *
   14           * The above copyright notice and this permission notice shall be included in all
   15           * copies or substantial portions of the Software.
   16           *
   17           * THE SOFTWARE IS PROVIDED "AS IS", WITHOUT WARRANTY OF ANY KIND, EXPRESS OR
   18           * IMPLIED, INCLUDING BUT NOT LIMITED TO THE WARRANTIES OF MERCHANTABILITY, FITNESS
   19           * FOR A PARTICULAR PURPOSE AND NONINFRINGEMENT. IN NO EVENT SHALL THE AUTHORS OR
   20           * COPYRIGHT HOLDERS BE LIABLE FOR ANY CLAIM, DAMAGES OR OTHER LIABILITY, WHETHER
   21           * IN AN ACTION OF CONTRACT, TORT OR OTHERWISE, ARISING FROM, OUT OF OR IN
   22           * CONNECTION WITH THE SOFTWARE OR THE USE OR OTHER DEALINGS IN THE SOFTWARE.
   23           *
   24           * https://www.FreeRTOS.org
   25           * https://github.com/FreeRTOS
   26           *
   27           */
   28          
   29          /* Standard includes. */
   30          #include <stdlib.h>
   31          #include <string.h>
   32          
   33          /* Defining MPU_WRAPPERS_INCLUDED_FROM_API_FILE prevents task.h from redefining
   34           * all the API functions to use the MPU wrappers.  That should only be done when
   35           * task.h is included from an application file. */
   36          #define MPU_WRAPPERS_INCLUDED_FROM_API_FILE
   37          
   38          /* FreeRTOS includes. */
   39          #include "FreeRTOS.h"
   40          #include "task.h"
   41          #include "timers.h"
   42          #include "stack_macros.h"
   43          
   44          /* Lint e9021, e961 and e750 are suppressed as a MISRA exception justified
   45           * because the MPU ports require MPU_WRAPPERS_INCLUDED_FROM_API_FILE to be defined
   46           * for the header files above, but not in this file, in order to generate the
   47           * correct privileged Vs unprivileged linkage and placement. */
   48          #undef MPU_WRAPPERS_INCLUDED_FROM_API_FILE /*lint !e961 !e750 !e9021. */
   49          
   50          /* Set configUSE_STATS_FORMATTING_FUNCTIONS to 2 to include the stats formatting
   51           * functions but without including stdio.h here. */
   52          #if ( configUSE_STATS_FORMATTING_FUNCTIONS == 1 )
   53          
   54          /* At the bottom of this file are two optional functions that can be used
   55           * to generate human readable text from the raw data generated by the
   56           * uxTaskGetSystemState() function.  Note the formatting functions are provided
   57           * for convenience only, and are NOT considered part of the kernel. */
   58              #include <stdio.h>
C251 COMPILER V5.60.0,  tasks                                                              03/12/25  17:09:37  PAGE 2   

   59          #endif /* configUSE_STATS_FORMATTING_FUNCTIONS == 1 ) */
   60          
   61          #if ( configUSE_PREEMPTION == 0 )
               
               /* If the cooperative scheduler is being used then a yield should not be
                * performed just because a higher priority task has been woken. */
                   #define taskYIELD_IF_USING_PREEMPTION()
               #else
   67              #define taskYIELD_IF_USING_PREEMPTION()    portYIELD_WITHIN_API()
   68          #endif
   69          
   70          /* Values that can be assigned to the ucNotifyState member of the TCB. */
   71          #define taskNOT_WAITING_NOTIFICATION              ( ( uint8_t ) 0 ) /* Must be zero as it is the initiali
             -sed value. */
   72          #define taskWAITING_NOTIFICATION                  ( ( uint8_t ) 1 )
   73          #define taskNOTIFICATION_RECEIVED                 ( ( uint8_t ) 2 )
   74          
   75          /*
   76           * The value used to fill the stack of a task when the task is created.  This
   77           * is used purely for checking the high water mark for tasks.
   78           */
   79          #define tskSTACK_FILL_BYTE                        ( 0xa5U )
   80          
   81          /* Bits used to record how a task's stack and TCB were allocated. */
   82          #define tskDYNAMICALLY_ALLOCATED_STACK_AND_TCB    ( ( uint8_t ) 0 )
   83          #define tskSTATICALLY_ALLOCATED_STACK_ONLY        ( ( uint8_t ) 1 )
   84          #define tskSTATICALLY_ALLOCATED_STACK_AND_TCB     ( ( uint8_t ) 2 )
   85          
   86          /* If any of the following are set then task stacks are filled with a known
   87           * value so the high water mark can be determined.  If none of the following are
   88           * set then don't fill the stack so there is no unnecessary dependency on memset. */
   89          #if ( ( configCHECK_FOR_STACK_OVERFLOW > 1 ) || ( configUSE_TRACE_FACILITY == 1 ) || ( INCLUDE_uxTaskGetS
             -tackHighWaterMark == 1 ) || ( INCLUDE_uxTaskGetStackHighWaterMark2 == 1 ) )
   90              #define tskSET_NEW_STACKS_TO_KNOWN_VALUE    1
   91          #else
                   #define tskSET_NEW_STACKS_TO_KNOWN_VALUE    0
               #endif
   94          
   95          /*
   96           * Macros used by vListTask to indicate which state a task is in.
   97           */
   98          #define tskRUNNING_CHAR      ( 'X' )
   99          #define tskBLOCKED_CHAR      ( 'B' )
  100          #define tskREADY_CHAR        ( 'R' )
  101          #define tskDELETED_CHAR      ( 'D' )
  102          #define tskSUSPENDED_CHAR    ( 'S' )
  103          
  104          /*
  105           * Some kernel aware debuggers require the data the debugger needs access to to
  106           * be global, rather than file scope.
  107           */
  108          #ifdef portREMOVE_STATIC_QUALIFIER
                   #define static
               #endif
  111          
  112          /* The name allocated to the Idle task.  This can be overridden by defining
  113           * configIDLE_TASK_NAME in FreeRTOSConfig.h. */
  114          #ifndef configIDLE_TASK_NAME
  115              #define configIDLE_TASK_NAME    "IDLE"
  116          #endif
  117          
  118          #if ( configUSE_PORT_OPTIMISED_TASK_SELECTION == 0 )
  119          
  120          /* If configUSE_PORT_OPTIMISED_TASK_SELECTION is 0 then task selection is
  121           * performed in a generic way that is not optimised to any particular
  122           * microcontroller architecture. */
C251 COMPILER V5.60.0,  tasks                                                              03/12/25  17:09:37  PAGE 3   

  123          
  124          /* uxTopReadyPriority holds the priority of the highest priority ready
  125           * state task. */
  126              #define taskRECORD_READY_PRIORITY( uxPriority ) \
  127              {                                               \
  128                  if( ( uxPriority ) > uxTopReadyPriority )   \
  129                  {                                           \
  130                      uxTopReadyPriority = ( uxPriority );    \
  131                  }                                           \
  132              } /* taskRECORD_READY_PRIORITY */
  133          
  134          /*-----------------------------------------------------------*/
  135          
  136              #define taskSELECT_HIGHEST_PRIORITY_TASK()                                \
  137              {                                                                         \
  138                  UBaseType_t uxTopPriority = uxTopReadyPriority;                       \
  139                                                                                        \
  140                  /* Find the highest priority queue that contains ready tasks. */      \
  141                  while( listLIST_IS_EMPTY( &( pxReadyTasksLists[ uxTopPriority ] ) ) ) \
  142                  {                                                                     \
  143                      configASSERT( uxTopPriority );                                    \
  144                      --uxTopPriority;                                                  \
  145                  }                                                                     \
  146                                                                                        \
  147                  /* listGET_OWNER_OF_NEXT_ENTRY indexes through the list, so the tasks of \
  148                   * the  same priority get an equal share of the processor time. */                    \
  149                  listGET_OWNER_OF_NEXT_ENTRY( pxCurrentTCB, &( pxReadyTasksLists[ uxTopPriority ] ) ); \
  150                  uxTopReadyPriority = uxTopPriority;                                                   \
  151              } /* taskSELECT_HIGHEST_PRIORITY_TASK */
  152          
  153          /*-----------------------------------------------------------*/
  154          
  155          /* Define away taskRESET_READY_PRIORITY() and portRESET_READY_PRIORITY() as
  156           * they are only required when a port optimised method of task selection is
  157           * being used. */
  158              #define taskRESET_READY_PRIORITY( uxPriority )
  159              #define portRESET_READY_PRIORITY( uxPriority, uxTopReadyPriority )
  160          
  161          #else /* configUSE_PORT_OPTIMISED_TASK_SELECTION */
               
               /* If configUSE_PORT_OPTIMISED_TASK_SELECTION is 1 then task selection is
                * performed in a way that is tailored to the particular microcontroller
                * architecture being used. */
               
               /* A port optimised version is provided.  Call the port defined macros. */
                   #define taskRECORD_READY_PRIORITY( uxPriority )    portRECORD_READY_PRIORITY( ( uxPriority ), uxTopRe
             -adyPriority )
               
               /*-----------------------------------------------------------*/
               
                   #define taskSELECT_HIGHEST_PRIORITY_TASK()                                                  \
                   {                                                                                           \
                       UBaseType_t uxTopPriority;                                                              \
                                                                                                               \
                       /* Find the highest priority list that contains ready tasks. */                         \
                       portGET_HIGHEST_PRIORITY( uxTopPriority, uxTopReadyPriority );                          \
                       configASSERT( listCURRENT_LIST_LENGTH( &( pxReadyTasksLists[ uxTopPriority ] ) ) > 0 ); \
                       listGET_OWNER_OF_NEXT_ENTRY( pxCurrentTCB, &( pxReadyTasksLists[ uxTopPriority ] ) );   \
                   } /* taskSELECT_HIGHEST_PRIORITY_TASK() */
               
               /*-----------------------------------------------------------*/
               
               /* A port optimised version is provided, call it only if the TCB being reset
                * is being referenced from a ready list.  If it is referenced from a delayed
                * or suspended list then it won't be in a ready list. */
                   #define taskRESET_READY_PRIORITY( uxPriority )                                                     \
C251 COMPILER V5.60.0,  tasks                                                              03/12/25  17:09:37  PAGE 4   

                   {                                                                                                  \
                       if( listCURRENT_LIST_LENGTH( &( pxReadyTasksLists[ ( uxPriority ) ] ) ) == ( UBaseType_t ) 0 ) \
                       {                                                                                              \
                           portRESET_READY_PRIORITY( ( uxPriority ), ( uxTopReadyPriority ) );                        \
                       }                                                                                              \
                   }
               
               #endif /* configUSE_PORT_OPTIMISED_TASK_SELECTION */
  196          
  197          /*-----------------------------------------------------------*/
  198          
  199          /* pxDelayedTaskList and pxOverflowDelayedTaskList are switched when the tick
  200           * count overflows. */
  201          #define taskSWITCH_DELAYED_LISTS()                                                \
  202              {                                                                             \
  203                  List_t * pxTemp;                                                          \
  204                                                                                            \
  205                  /* The delayed tasks list should be empty when the lists are switched. */ \
  206                  configASSERT( ( listLIST_IS_EMPTY( pxDelayedTaskList ) ) );               \
  207                                                                                            \
  208                  pxTemp = pxDelayedTaskList;                                               \
  209                  pxDelayedTaskList = pxOverflowDelayedTaskList;                            \
  210                  pxOverflowDelayedTaskList = pxTemp;                                       \
  211                  xNumOfOverflows++;                                                        \
  212                  prvResetNextTaskUnblockTime();                                            \
  213              }
  214          
  215          /*-----------------------------------------------------------*/
  216          
  217          /*
  218           * Place the task represented by pxTCB into the appropriate ready list for
  219           * the task.  It is inserted at the end of the list.
  220           */
  221          #define prvAddTaskToReadyList( pxTCB )                                                                 \
  222              traceMOVED_TASK_TO_READY_STATE( pxTCB );                                                           \
  223              taskRECORD_READY_PRIORITY( ( pxTCB )->uxPriority );                                                \
  224              listINSERT_END( &( pxReadyTasksLists[ ( pxTCB )->uxPriority ] ), &( ( pxTCB )->xStateListItem ) ); \
  225              tracePOST_MOVED_TASK_TO_READY_STATE( pxTCB )
  226          /*-----------------------------------------------------------*/
  227          
  228          /*
  229           * Several functions take a TaskHandle_t parameter that can optionally be NULL,
  230           * where NULL is used to indicate that the handle of the currently executing
  231           * task should be used in place of the parameter.  This macro simply checks to
  232           * see if the parameter is NULL and returns a pointer to the appropriate TCB.
  233           */
  234          #define prvGetTCBFromHandle( pxHandle )    ( ( ( pxHandle ) == NULL ) ? pxCurrentTCB : ( pxHandle ) )
  235          
  236          /* The item value of the event list item is normally used to hold the priority
  237           * of the task to which it belongs (coded to allow it to be held in reverse
  238           * priority order).  However, it is occasionally borrowed for other purposes.  It
  239           * is important its value is not updated due to a task priority change while it is
  240           * being used for another purpose.  The following bit definition is used to inform
  241           * the scheduler that the value should not be changed - in which case it is the
  242           * responsibility of whichever module is using the value to ensure it gets set back
  243           * to its original value when it is released. */
  244          #if ( configUSE_16_BIT_TICKS == 1 )
  245              #define taskEVENT_LIST_ITEM_VALUE_IN_USE    0x8000U
  246          #else
                   #define taskEVENT_LIST_ITEM_VALUE_IN_USE    0x80000000UL
               #endif
  249          
  250          /*
  251           * Task control block.  A task control block (TCB) is allocated for each task,
  252           * and stores task state information, including a pointer to the task's context
  253           * (the task's run time environment, including register values)
C251 COMPILER V5.60.0,  tasks                                                              03/12/25  17:09:37  PAGE 5   

  254           */
  255          typedef struct tskTaskControlBlock       /* The old naming convention is used to prevent breaking kernel 
             -aware debuggers. */
  256          {
  257              volatile StackType_t * pxTopOfStack; /*< Points to the location of the last item placed on the tasks 
             -stack.  THIS MUST BE THE FIRST MEMBER OF THE TCB STRUCT. */
  258          
  259              #if ( portUSING_MPU_WRAPPERS == 1 )
                       xMPU_SETTINGS xMPUSettings; /*< The MPU settings are defined as part of the port layer.  THIS MUS
             -T BE THE SECOND MEMBER OF THE TCB STRUCT. */
                   #endif
  262          
  263              ListItem_t xStateListItem;                  /*< The list that the state list item of a task is refere
             -nce from denotes the state of that task (Ready, Blocked, Suspended ). */
  264              ListItem_t xEventListItem;                  /*< Used to reference a task from an event list. */
  265              UBaseType_t uxPriority;                     /*< The priority of the task.  0 is the lowest priority. 
             -*/
  266              StackType_t * pxStack;                      /*< Points to the start of the stack. */
  267              char pcTaskName[ configMAX_TASK_NAME_LEN ]; /*< Descriptive name given to the task when created.  Fac
             -ilitates debugging only. */ /*lint !e971 Unqualified char types are allowed for strings and single characters only. */
  268          
  269              #if ( ( portSTACK_GROWTH > 0 ) || ( configRECORD_STACK_HIGH_ADDRESS == 1 ) )
  270                  StackType_t * pxEndOfStack; /*< Points to the highest valid address for the stack. */
  271              #endif
  272          
  273              #if ( portCRITICAL_NESTING_IN_TCB == 1 )
                       UBaseType_t uxCriticalNesting; /*< Holds the critical section nesting depth for ports that do not
             - maintain their own count in the port layer. */
                   #endif
  276          
  277              #if ( configUSE_TRACE_FACILITY == 1 )
  278                  UBaseType_t uxTCBNumber;  /*< Stores a number that increments each time a TCB is created.  It all
             -ows debuggers to determine when a task has been deleted and then recreated. */
  279                  UBaseType_t uxTaskNumber; /*< Stores a number specifically for use by third party trace code. */
  280              #endif
  281          
  282              #if ( configUSE_MUTEXES == 1 )
  283                  UBaseType_t uxBasePriority; /*< The priority last assigned to the task - used by the priority inh
             -eritance mechanism. */
  284                  UBaseType_t uxMutexesHeld;
  285              #endif
  286          
  287              #if ( configUSE_APPLICATION_TASK_TAG == 1 )
                       TaskHookFunction_t pxTaskTag;
                   #endif
  290          
  291              #if ( configNUM_THREAD_LOCAL_STORAGE_POINTERS > 0 )
                       void * pvThreadLocalStoragePointers[ configNUM_THREAD_LOCAL_STORAGE_POINTERS ];
                   #endif
  294          
  295              #if ( configGENERATE_RUN_TIME_STATS == 1 )
  296                  configRUN_TIME_COUNTER_TYPE ulRunTimeCounter; /*< Stores the amount of time the task has spent in
             - the Running state. */
  297              #endif
  298          
  299              #if ( ( configUSE_NEWLIB_REENTRANT == 1 ) || ( configUSE_C_RUNTIME_TLS_SUPPORT == 1 ) )
                       configTLS_BLOCK_TYPE xTLSBlock; /*< Memory block used as Thread Local Storage (TLS) Block for the
             - task. */
                   #endif
  302          
  303              #if ( configUSE_TASK_NOTIFICATIONS == 1 )
  304                  volatile uint32_t ulNotifiedValue[ configTASK_NOTIFICATION_ARRAY_ENTRIES ];
  305                  volatile uint8_t ucNotifyState[ configTASK_NOTIFICATION_ARRAY_ENTRIES ];
  306              #endif
  307          
  308              /* See the comments in FreeRTOS.h with the definition of
C251 COMPILER V5.60.0,  tasks                                                              03/12/25  17:09:37  PAGE 6   

  309               * tskSTATIC_AND_DYNAMIC_ALLOCATION_POSSIBLE. */
  310              #if ( tskSTATIC_AND_DYNAMIC_ALLOCATION_POSSIBLE != 0 ) /*lint !e731 !e9029 Macro has been consolidate
             -d for readability reasons. */
                       uint8_t ucStaticallyAllocated;                     /*< Set to pdTRUE if the task is a statically 
             -allocated to ensure no attempt is made to free the memory. */
                   #endif
  313          
  314              #if ( INCLUDE_xTaskAbortDelay == 1 )
                       uint8_t ucDelayAborted;
                   #endif
  317          
  318              #if ( configUSE_POSIX_ERRNO == 1 )
                       int iTaskErrno;
                   #endif
  321          } tskTCB;
  322          
  323          /* The old tskTCB name is maintained above then typedefed to the new TCB_t name
  324           * below to enable the use of older kernel aware debuggers. */
  325          typedef tskTCB TCB_t;
  326          
  327          /*lint -save -e956 A manual analysis and inspection has been used to determine
  328           * which static variables must be declared volatile. */
  329          portDONT_DISCARD PRIVILEGED_DATA TCB_t * volatile pxCurrentTCB = NULL;
  330          
  331          /* Lists for ready and blocked tasks. --------------------
  332           * xDelayedTaskList1 and xDelayedTaskList2 could be moved to function scope but
  333           * doing so breaks some kernel aware debuggers and debuggers that rely on removing
  334           * the static qualifier. */
  335          PRIVILEGED_DATA static List_t pxReadyTasksLists[ configMAX_PRIORITIES ]; /*< Prioritised ready tasks. */
  336          PRIVILEGED_DATA static List_t xDelayedTaskList1;                         /*< Delayed tasks. */
  337          PRIVILEGED_DATA static List_t xDelayedTaskList2;                         /*< Delayed tasks (two lists are
             - used - one for delays that have overflowed the current tick count. */
  338          PRIVILEGED_DATA static List_t * volatile pxDelayedTaskList;              /*< Points to the delayed task l
             -ist currently being used. */
  339          PRIVILEGED_DATA static List_t * volatile pxOverflowDelayedTaskList;      /*< Points to the delayed task l
             -ist currently being used to hold tasks that have overflowed the current tick count. */
  340          PRIVILEGED_DATA static List_t xPendingReadyList;                         /*< Tasks that have been readied
             - while the scheduler was suspended.  They will be moved to the ready list when the scheduler is resumed. */
  341          
  342          #if ( INCLUDE_vTaskDelete == 1 )
  343          
  344              PRIVILEGED_DATA static List_t xTasksWaitingTermination; /*< Tasks that have been deleted - but their 
             -memory not yet freed. */
  345              PRIVILEGED_DATA static volatile UBaseType_t uxDeletedTasksWaitingCleanUp = ( UBaseType_t ) 0U;
  346          
  347          #endif
  348          
  349          #if ( INCLUDE_vTaskSuspend == 1 )
  350          
  351              PRIVILEGED_DATA static List_t xSuspendedTaskList; /*< Tasks that are currently suspended. */
  352          
  353          #endif
  354          
  355          /* Global POSIX errno. Its value is changed upon context switching to match
  356           * the errno of the currently running task. */
  357          #if ( configUSE_POSIX_ERRNO == 1 )
                   int FreeRTOS_errno = 0;
               #endif
  360          
  361          /* Other file private variables. --------------------------------*/
  362          PRIVILEGED_DATA static volatile UBaseType_t uxCurrentNumberOfTasks = ( UBaseType_t ) 0U;
  363          PRIVILEGED_DATA static volatile TickType_t xTickCount = ( TickType_t ) configINITIAL_TICK_COUNT;
  364          PRIVILEGED_DATA static volatile UBaseType_t uxTopReadyPriority = tskIDLE_PRIORITY;
  365          PRIVILEGED_DATA static volatile BaseType_t xSchedulerRunning = pdFALSE;
  366          PRIVILEGED_DATA static volatile TickType_t xPendedTicks = ( TickType_t ) 0U;
  367          PRIVILEGED_DATA static volatile BaseType_t xYieldPending = pdFALSE;
C251 COMPILER V5.60.0,  tasks                                                              03/12/25  17:09:37  PAGE 7   

  368          PRIVILEGED_DATA static volatile BaseType_t xNumOfOverflows = ( BaseType_t ) 0;
  369          PRIVILEGED_DATA static UBaseType_t uxTaskNumber = ( UBaseType_t ) 0U;
  370          PRIVILEGED_DATA static volatile TickType_t xNextTaskUnblockTime = ( TickType_t ) 0U; /* Initialised to po
             -rtMAX_DELAY before the scheduler starts. */
  371          PRIVILEGED_DATA static TaskHandle_t xIdleTaskHandle = NULL;                          /*< Holds the handle
             - of the idle task.  The idle task is created automatically when the scheduler is started. */
  372          
  373          /* Improve support for OpenOCD. The kernel tracks Ready tasks via priority lists.
  374           * For tracking the state of remote threads, OpenOCD uses uxTopUsedPriority
  375           * to determine the number of priority lists to read back from the remote target. */
  376          const volatile UBaseType_t uxTopUsedPriority = configMAX_PRIORITIES - 1U;
  377          
  378          /* Context switches are held pending while the scheduler is suspended.  Also,
  379           * interrupts must not manipulate the xStateListItem of a TCB, or any of the
  380           * lists the xStateListItem can be referenced from, if the scheduler is suspended.
  381           * If an interrupt needs to unblock a task while the scheduler is suspended then it
  382           * moves the task's event list item into the xPendingReadyList, ready for the
  383           * kernel to move the task from the pending ready list into the real ready list
  384           * when the scheduler is unsuspended.  The pending ready list itself can only be
  385           * accessed from a critical section. */
  386          PRIVILEGED_DATA static volatile UBaseType_t uxSchedulerSuspended = ( UBaseType_t ) pdFALSE;
  387          
  388          #if ( configGENERATE_RUN_TIME_STATS == 1 )
  389          
  390          /* Do not move these variables to function scope as doing so prevents the
  391           * code working with debuggers that need to remove the static qualifier. */
  392              PRIVILEGED_DATA static configRUN_TIME_COUNTER_TYPE ulTaskSwitchedInTime = 0UL;    /*< Holds the value
             - of a timer/counter the last time a task was switched in. */
  393              PRIVILEGED_DATA static volatile configRUN_TIME_COUNTER_TYPE ulTotalRunTime = 0UL; /*< Holds the total
             - amount of execution time as defined by the run time counter clock. */
  394          
  395          #endif
  396          
  397          /*lint -restore */
  398          
  399          /*-----------------------------------------------------------*/
  400          
  401          /* File private functions. --------------------------------*/
  402          
  403          /**
  404           * Utility task that simply returns pdTRUE if the task referenced by xTask is
  405           * currently in the Suspended state, or pdFALSE if the task referenced by xTask
  406           * is in any other state.
  407           */
  408          #if ( INCLUDE_vTaskSuspend == 1 )
  409          
  410              static BaseType_t prvTaskIsTaskSuspended( const TaskHandle_t xTask ) PRIVILEGED_FUNCTION;
  411          
  412          #endif /* INCLUDE_vTaskSuspend */
  413          
  414          /*
  415           * Utility to ready all the lists used by the scheduler.  This is called
  416           * automatically upon the creation of the first task.
  417           */
  418          static void prvInitialiseTaskLists( void ) PRIVILEGED_FUNCTION;
  419          
  420          /*
  421           * The idle task, which as all tasks is implemented as a never ending loop.
  422           * The idle task is automatically created and added to the ready lists upon
  423           * creation of the first user task.
  424           *
  425           * The portTASK_FUNCTION_PROTO() macro is used to allow port/compiler specific
  426           * language extensions.  The equivalent prototype for this function is:
  427           *
  428           * void prvIdleTask( void *pvParameters );
  429           *
C251 COMPILER V5.60.0,  tasks                                                              03/12/25  17:09:37  PAGE 8   

  430           */
  431          static portTASK_FUNCTION_PROTO( prvIdleTask, pvParameters ) PRIVILEGED_FUNCTION;
  432          
  433          /*
  434           * Utility to free all memory allocated by the scheduler to hold a TCB,
  435           * including the stack pointed to by the TCB.
  436           *
  437           * This does not free memory allocated by the task itself (i.e. memory
  438           * allocated by calls to pvPortMalloc from within the tasks application code).
  439           */
  440          #if ( INCLUDE_vTaskDelete == 1 )
  441          
  442              static void prvDeleteTCB( TCB_t * pxTCB ) PRIVILEGED_FUNCTION;
  443          
  444          #endif
  445          
  446          /*
  447           * Used only by the idle task.  This checks to see if anything has been placed
  448           * in the list of tasks waiting to be deleted.  If so the task is cleaned up
  449           * and its TCB deleted.
  450           */
  451          static void prvCheckTasksWaitingTermination( void ) PRIVILEGED_FUNCTION;
  452          
  453          /*
  454           * The currently executing task is entering the Blocked state.  Add the task to
  455           * either the current or the overflow delayed task list.
  456           */
  457          static void prvAddCurrentTaskToDelayedList( TickType_t xTicksToWait,
  458                                                      const BaseType_t xCanBlockIndefinitely ) PRIVILEGED_FUNCTION;
  459          
  460          /*
  461           * Fills an TaskStatus_t structure with information on each task that is
  462           * referenced from the pxList list (which may be a ready list, a delayed list,
  463           * a suspended list, etc.).
  464           *
  465           * THIS FUNCTION IS INTENDED FOR DEBUGGING ONLY, AND SHOULD NOT BE CALLED FROM
  466           * NORMAL APPLICATION CODE.
  467           */
  468          #if ( configUSE_TRACE_FACILITY == 1 )
  469          
  470              static UBaseType_t prvListTasksWithinSingleList( TaskStatus_t * pxTaskStatusArray,
  471                                                               List_t * pxList,
  472                                                               eTaskState eState ) PRIVILEGED_FUNCTION;
  473          
  474          #endif
  475          
  476          /*
  477           * Searches pxList for a task with name pcNameToQuery - returning a handle to
  478           * the task if it is found, or NULL if the task is not found.
  479           */
  480          #if ( INCLUDE_xTaskGetHandle == 1 )
               
                   static TCB_t * prvSearchForNameWithinSingleList( List_t * pxList,
                                                                    const char pcNameToQuery[] ) PRIVILEGED_FUNCTION;
               
               #endif
  486          
  487          /*
  488           * When a task is created, the stack of the task is filled with a known value.
  489           * This function determines the 'high water mark' of the task stack by
  490           * determining how much of the stack remains at the original preset value.
  491           */
  492          #if ( ( configUSE_TRACE_FACILITY == 1 ) || ( INCLUDE_uxTaskGetStackHighWaterMark == 1 ) || ( INCLUDE_uxTa
             -skGetStackHighWaterMark2 == 1 ) )
  493          
  494              static configSTACK_DEPTH_TYPE prvTaskCheckFreeStackSpace( const uint8_t * pucStackByte ) PRIVILEGED_F
C251 COMPILER V5.60.0,  tasks                                                              03/12/25  17:09:37  PAGE 9   

             -UNCTION;
  495          
  496          #endif
  497          
  498          /*
  499           * Return the amount of time, in ticks, that will pass before the kernel will
  500           * next move a task from the Blocked state to the Running state.
  501           *
  502           * This conditional compilation should use inequality to 0, not equality to 1.
  503           * This is to ensure portSUPPRESS_TICKS_AND_SLEEP() can be called when user
  504           * defined low power mode implementations require configUSE_TICKLESS_IDLE to be
  505           * set to a value other than 1.
  506           */
  507          #if ( configUSE_TICKLESS_IDLE != 0 )
               
                   static TickType_t prvGetExpectedIdleTime( void ) PRIVILEGED_FUNCTION;
               
               #endif
  512          
  513          /*
  514           * Set xNextTaskUnblockTime to the time at which the next Blocked state task
  515           * will exit the Blocked state.
  516           */
  517          static void prvResetNextTaskUnblockTime( void ) PRIVILEGED_FUNCTION;
  518          
  519          #if ( configUSE_STATS_FORMATTING_FUNCTIONS > 0 )
  520          
  521          /*
  522           * Helper function used to pad task names with spaces when printing out
  523           * human readable tables of task information.
  524           */
  525              static char * prvWriteNameToBuffer( char * pcBuffer,
  526                                                  const char * pcTaskName ) PRIVILEGED_FUNCTION;
  527          
  528          #endif
  529          
  530          /*
  531           * Called after a Task_t structure has been allocated either statically or
  532           * dynamically to fill in the structure's members.
  533           */
  534          static void prvInitialiseNewTask( TaskFunction_t pxTaskCode,
  535                                            const char * const pcName, /*lint !e971 Unqualified char types are allo
             -wed for strings and single characters only. */
  536                                            const uint32_t ulStackDepth,
  537                                            void * const pvParameters,
  538                                            UBaseType_t uxPriority,
  539                                            TaskHandle_t * const pxCreatedTask,
  540                                            TCB_t * pxNewTCB,
  541                                            const MemoryRegion_t * const xRegions ) PRIVILEGED_FUNCTION;
  542          
  543          /*
  544           * Called after a new task has been created and initialised to place the task
  545           * under the control of the scheduler.
  546           */
  547          static void prvAddNewTaskToReadyList( TCB_t * pxNewTCB ) PRIVILEGED_FUNCTION;
  548          
  549          /*
  550           * freertos_tasks_c_additions_init() should only be called if the user definable
  551           * macro FREERTOS_TASKS_C_ADDITIONS_INIT() is defined, as that is the only macro
  552           * called by the function.
  553           */
  554          #ifdef FREERTOS_TASKS_C_ADDITIONS_INIT
               
                   static void freertos_tasks_c_additions_init( void ) PRIVILEGED_FUNCTION;
               
               #endif
C251 COMPILER V5.60.0,  tasks                                                              03/12/25  17:09:37  PAGE 10  

  559          
  560          /*-----------------------------------------------------------*/
  561          
  562          #if ( configSUPPORT_STATIC_ALLOCATION == 1 )
               
                   TaskHandle_t xTaskCreateStatic( TaskFunction_t pxTaskCode,
                                                   const char * const pcName, /*lint !e971 Unqualified char types are al
             -lowed for strings and single characters only. */
                                                   const uint32_t ulStackDepth,
                                                   void * const pvParameters,
                                                   UBaseType_t uxPriority,
                                                   StackType_t * const puxStackBuffer,
                                                   StaticTask_t * const pxTaskBuffer )
                   {
                       TCB_t * pxNewTCB;
                       TaskHandle_t xReturn;
               
                       configASSERT( puxStackBuffer != NULL );
                       configASSERT( pxTaskBuffer != NULL );
               
                       #if ( configASSERT_DEFINED == 1 )
                       {
                           /* Sanity check that the size of the structure used to declare a
                            * variable of type StaticTask_t equals the size of the real task
                            * structure. */
                           volatile size_t xSize = sizeof( StaticTask_t );
                           configASSERT( xSize == sizeof( TCB_t ) );
                           ( void ) xSize; /* Prevent lint warning when configASSERT() is not used. */
                       }
                       #endif /* configASSERT_DEFINED */
               
                       if( ( pxTaskBuffer != NULL ) && ( puxStackBuffer != NULL ) )
                       {
                           /* The memory used for the task's TCB and stack are passed into this
                            * function - use them. */
                           pxNewTCB = ( TCB_t * ) pxTaskBuffer; /*lint !e740 !e9087 Unusual cast is ok as the structures
             - are designed to have the same alignment, and the size is checked by an assert. */
                           memset( ( void * ) pxNewTCB, 0x00, sizeof( TCB_t ) );
                           pxNewTCB->pxStack = ( StackType_t * ) puxStackBuffer;
               
                           #if ( tskSTATIC_AND_DYNAMIC_ALLOCATION_POSSIBLE != 0 ) /*lint !e731 !e9029 Macro has been con
             -solidated for readability reasons. */
                           {
                               /* Tasks can be created statically or dynamically, so note this
                                * task was created statically in case the task is later deleted. */
                               pxNewTCB->ucStaticallyAllocated = tskSTATICALLY_ALLOCATED_STACK_AND_TCB;
                           }
                           #endif /* tskSTATIC_AND_DYNAMIC_ALLOCATION_POSSIBLE */
               
                           prvInitialiseNewTask( pxTaskCode, pcName, ulStackDepth, pvParameters, uxPriority, &xReturn, p
             -xNewTCB, NULL );
                           prvAddNewTaskToReadyList( pxNewTCB );
                       }
                       else
                       {
                           xReturn = NULL;
                       }
               
                       return xReturn;
                   }
               
               #endif /* SUPPORT_STATIC_ALLOCATION */
  617          /*-----------------------------------------------------------*/
  618          
  619          #if ( ( portUSING_MPU_WRAPPERS == 1 ) && ( configSUPPORT_STATIC_ALLOCATION == 1 ) )
               
C251 COMPILER V5.60.0,  tasks                                                              03/12/25  17:09:37  PAGE 11  

                   BaseType_t xTaskCreateRestrictedStatic( const TaskParameters_t * const pxTaskDefinition,
                                                           TaskHandle_t * pxCreatedTask )
                   {
                       TCB_t * pxNewTCB;
                       BaseType_t xReturn = errCOULD_NOT_ALLOCATE_REQUIRED_MEMORY;
               
                       configASSERT( pxTaskDefinition->puxStackBuffer != NULL );
                       configASSERT( pxTaskDefinition->pxTaskBuffer != NULL );
               
                       if( ( pxTaskDefinition->puxStackBuffer != NULL ) && ( pxTaskDefinition->pxTaskBuffer != NULL ) )
                       {
                           /* Allocate space for the TCB.  Where the memory comes from depends
                            * on the implementation of the port malloc function and whether or
                            * not static allocation is being used. */
                           pxNewTCB = ( TCB_t * ) pxTaskDefinition->pxTaskBuffer;
                           memset( ( void * ) pxNewTCB, 0x00, sizeof( TCB_t ) );
               
                           /* Store the stack location in the TCB. */
                           pxNewTCB->pxStack = pxTaskDefinition->puxStackBuffer;
               
                           #if ( tskSTATIC_AND_DYNAMIC_ALLOCATION_POSSIBLE != 0 )
                           {
                               /* Tasks can be created statically or dynamically, so note this
                                * task was created statically in case the task is later deleted. */
                               pxNewTCB->ucStaticallyAllocated = tskSTATICALLY_ALLOCATED_STACK_AND_TCB;
                           }
                           #endif /* tskSTATIC_AND_DYNAMIC_ALLOCATION_POSSIBLE */
               
                           prvInitialiseNewTask( pxTaskDefinition->pvTaskCode,
                                                 pxTaskDefinition->pcName,
                                                 ( uint32_t ) pxTaskDefinition->usStackDepth,
                                                 pxTaskDefinition->pvParameters,
                                                 pxTaskDefinition->uxPriority,
                                                 pxCreatedTask, pxNewTCB,
                                                 pxTaskDefinition->xRegions );
               
                           prvAddNewTaskToReadyList( pxNewTCB );
                           xReturn = pdPASS;
                       }
               
                       return xReturn;
                   }
               
               #endif /* ( portUSING_MPU_WRAPPERS == 1 ) && ( configSUPPORT_STATIC_ALLOCATION == 1 ) */
  665          /*-----------------------------------------------------------*/
  666          
  667          #if ( ( portUSING_MPU_WRAPPERS == 1 ) && ( configSUPPORT_DYNAMIC_ALLOCATION == 1 ) )
               
                   BaseType_t xTaskCreateRestricted( const TaskParameters_t * const pxTaskDefinition,
                                                     TaskHandle_t * pxCreatedTask )
                   {
                       TCB_t * pxNewTCB;
                       BaseType_t xReturn = errCOULD_NOT_ALLOCATE_REQUIRED_MEMORY;
               
                       configASSERT( pxTaskDefinition->puxStackBuffer );
               
                       if( pxTaskDefinition->puxStackBuffer != NULL )
                       {
                           /* Allocate space for the TCB.  Where the memory comes from depends
                            * on the implementation of the port malloc function and whether or
                            * not static allocation is being used. */
                           pxNewTCB = ( TCB_t * ) pvPortMalloc( sizeof( TCB_t ) );
               
                           if( pxNewTCB != NULL )
                           {
                               memset( ( void * ) pxNewTCB, 0x00, sizeof( TCB_t ) );
C251 COMPILER V5.60.0,  tasks                                                              03/12/25  17:09:37  PAGE 12  

               
                               /* Store the stack location in the TCB. */
                               pxNewTCB->pxStack = pxTaskDefinition->puxStackBuffer;
               
                               #if ( tskSTATIC_AND_DYNAMIC_ALLOCATION_POSSIBLE != 0 )
                               {
                                   /* Tasks can be created statically or dynamically, so note
                                    * this task had a statically allocated stack in case it is
                                    * later deleted.  The TCB was allocated dynamically. */
                                   pxNewTCB->ucStaticallyAllocated = tskSTATICALLY_ALLOCATED_STACK_ONLY;
                               }
                               #endif /* tskSTATIC_AND_DYNAMIC_ALLOCATION_POSSIBLE */
               
                               prvInitialiseNewTask( pxTaskDefinition->pvTaskCode,
                                                     pxTaskDefinition->pcName,
                                                     ( uint32_t ) pxTaskDefinition->usStackDepth,
                                                     pxTaskDefinition->pvParameters,
                                                     pxTaskDefinition->uxPriority,
                                                     pxCreatedTask, pxNewTCB,
                                                     pxTaskDefinition->xRegions );
               
                               prvAddNewTaskToReadyList( pxNewTCB );
                               xReturn = pdPASS;
                           }
                       }
               
                       return xReturn;
                   }
               
               #endif /* portUSING_MPU_WRAPPERS */
  717          /*-----------------------------------------------------------*/
  718          
  719          #if ( configSUPPORT_DYNAMIC_ALLOCATION == 1 )
  720          
  721              BaseType_t xTaskCreate( TaskFunction_t pxTaskCode,
  722                                      const char * const pcName, /*lint !e971 Unqualified char types are allowed fo
             -r strings and single characters only. */
  723                                      const configSTACK_DEPTH_TYPE usStackDepth,
  724                                      void * const pvParameters,
  725                                      UBaseType_t uxPriority,
  726                                      TaskHandle_t * const pxCreatedTask )
  727              {
  728   1              TCB_t * pxNewTCB;
  729   1              BaseType_t xReturn;
  730   1      
  731   1              /* If the stack grows down then allocate the stack then the TCB so the stack
  732   1               * does not grow into the TCB.  Likewise if the stack grows up then allocate
  733   1               * the TCB then the stack. */
  734   1              #if ( portSTACK_GROWTH > 0 )
  735   1              {
  736   2                  /* Allocate space for the TCB.  Where the memory comes from depends on
  737   2                   * the implementation of the port malloc function and whether or not static
  738   2                   * allocation is being used. */
  739   2                  pxNewTCB = ( TCB_t * ) pvPortMalloc( sizeof( TCB_t ) );
  740   2      
  741   2                  if( pxNewTCB != NULL )
  742   2                  {
  743   3                      memset( ( void * ) pxNewTCB, 0x00, sizeof( TCB_t ) );
  744   3      
  745   3                      /* Allocate space for the stack used by the task being created.
  746   3                       * The base of the stack memory stored in the TCB so the task can
  747   3                       * be deleted later if required. */
  748   3                      pxNewTCB->pxStack = ( StackType_t * ) pvPortMallocStack( ( ( ( size_t ) usStackDepth ) * 
             -sizeof( StackType_t ) ) ); /*lint !e961 MISRA exception as the casts are only redundant for some ports. */
  749   3      
  750   3                      if( pxNewTCB->pxStack == NULL )
C251 COMPILER V5.60.0,  tasks                                                              03/12/25  17:09:37  PAGE 13  

  751   3                      {
  752   4                          /* Could not allocate the stack.  Delete the allocated TCB. */
  753   4                          vPortFree( pxNewTCB );
  754   4                          pxNewTCB = NULL;
  755   4                      }
  756   3                  }
  757   2              }
  758   1              #else /* portSTACK_GROWTH */
                       {
                           StackType_t * pxStack;
               
                           /* Allocate space for the stack used by the task being created. */
                           pxStack = pvPortMallocStack( ( ( ( size_t ) usStackDepth ) * sizeof( StackType_t ) ) ); /*lin
             -t !e9079 All values returned by pvPortMalloc() have at least the alignment required by the MCU's stack and this allocati
             -on is the stack. */
               
                           if( pxStack != NULL )
                           {
                               /* Allocate space for the TCB. */
                               pxNewTCB = ( TCB_t * ) pvPortMalloc( sizeof( TCB_t ) ); /*lint !e9087 !e9079 All values r
             -eturned by pvPortMalloc() have at least the alignment required by the MCU's stack, and the first member of TCB_t is alwa
             -ys a pointer to the task's stack. */
               
                               if( pxNewTCB != NULL )
                               {
                                   memset( ( void * ) pxNewTCB, 0x00, sizeof( TCB_t ) );
               
                                   /* Store the stack location in the TCB. */
                                   pxNewTCB->pxStack = pxStack;
                               }
                               else
                               {
                                   /* The stack cannot be used as the TCB was not created.  Free
                                    * it again. */
                                   vPortFreeStack( pxStack );
                               }
                           }
                           else
                           {
                               pxNewTCB = NULL;
                           }
                       }
                       #endif /* portSTACK_GROWTH */
  790   1      
  791   1              if( pxNewTCB != NULL )
  792   1              {
  793   2                  #if ( tskSTATIC_AND_DYNAMIC_ALLOCATION_POSSIBLE != 0 ) /*lint !e9029 !e731 Macro has been con
             -solidated for readability reasons. */
                           {
                               /* Tasks can be created statically or dynamically, so note this
                                * task was created dynamically in case it is later deleted. */
                               pxNewTCB->ucStaticallyAllocated = tskDYNAMICALLY_ALLOCATED_STACK_AND_TCB;
                           }
                           #endif /* tskSTATIC_AND_DYNAMIC_ALLOCATION_POSSIBLE */
  800   2      
  801   2                  prvInitialiseNewTask( pxTaskCode, pcName, ( uint32_t ) usStackDepth, pvParameters, uxPriority
             -, pxCreatedTask, pxNewTCB, NULL );
  802   2                  prvAddNewTaskToReadyList( pxNewTCB );
  803   2                  xReturn = pdPASS;
  804   2              }
  805   1              else
  806   1              {
  807   2                  xReturn = errCOULD_NOT_ALLOCATE_REQUIRED_MEMORY;
  808   2              }
  809   1      
  810   1              return xReturn;
C251 COMPILER V5.60.0,  tasks                                                              03/12/25  17:09:37  PAGE 14  

  811   1          }
  812          
  813          #endif /* configSUPPORT_DYNAMIC_ALLOCATION */
  814          /*-----------------------------------------------------------*/
  815          
  816          static void prvInitialiseNewTask( TaskFunction_t pxTaskCode,
  817                                            const char * const pcName, /*lint !e971 Unqualified char types are allo
             -wed for strings and single characters only. */
  818                                            const uint32_t ulStackDepth,
  819                                            void * const pvParameters,
  820                                            UBaseType_t uxPriority,
  821                                            TaskHandle_t * const pxCreatedTask,
  822                                            TCB_t * pxNewTCB,
  823                                            const MemoryRegion_t * const xRegions )
  824          {
  825   1          StackType_t * pxTopOfStack;
  826   1          UBaseType_t x;
  827   1      
  828   1          #if ( portUSING_MPU_WRAPPERS == 1 )
                       /* Should the task be created in privileged mode? */
                       BaseType_t xRunPrivileged;
               
                       if( ( uxPriority & portPRIVILEGE_BIT ) != 0U )
                       {
                           xRunPrivileged = pdTRUE;
                       }
                       else
                       {
                           xRunPrivileged = pdFALSE;
                       }
                       uxPriority &= ~portPRIVILEGE_BIT;
                   #endif /* portUSING_MPU_WRAPPERS == 1 */
  842   1      
  843   1          /* Avoid dependency on memset() if it is not required. */
  844   1          #if ( tskSET_NEW_STACKS_TO_KNOWN_VALUE == 1 )
  845   1          {
  846   2              /* Fill the stack with a known value to assist debugging. */
  847   2              ( void ) memset( pxNewTCB->pxStack, ( int ) tskSTACK_FILL_BYTE, ( size_t ) ulStackDepth * sizeof(
             - StackType_t ) );
  848   2          }
  849   1          #endif /* tskSET_NEW_STACKS_TO_KNOWN_VALUE */
  850   1      
  851   1          /* Calculate the top of stack address.  This depends on whether the stack
  852   1           * grows from high memory to low (as per the 80x86) or vice versa.
  853   1           * portSTACK_GROWTH is used to make the result positive or negative as required
  854   1           * by the port. */
  855   1          #if ( portSTACK_GROWTH < 0 )
                   {
                       pxTopOfStack = &( pxNewTCB->pxStack[ ulStackDepth - ( uint32_t ) 1 ] );
                       pxTopOfStack = ( StackType_t * ) ( ( ( portPOINTER_SIZE_TYPE ) pxTopOfStack ) & ( ~( ( portPOINTE
             -R_SIZE_TYPE ) portBYTE_ALIGNMENT_MASK ) ) ); /*lint !e923 !e9033 !e9078 MISRA exception.  Avoiding casts between pointer
             -s and integers is not practical.  Size differences accounted for using portPOINTER_SIZE_TYPE type.  Checked by assert().
             - */
               
                       /* Check the alignment of the calculated top of stack is correct. */
                       configASSERT( ( ( ( portPOINTER_SIZE_TYPE ) pxTopOfStack & ( portPOINTER_SIZE_TYPE ) portBYTE_ALI
             -GNMENT_MASK ) == 0UL ) );
               
                       #if ( configRECORD_STACK_HIGH_ADDRESS == 1 )
                       {
                           /* Also record the stack's high address, which may assist
                            * debugging. */
                           pxNewTCB->pxEndOfStack = pxTopOfStack;
                       }
                       #endif /* configRECORD_STACK_HIGH_ADDRESS */
                   }
C251 COMPILER V5.60.0,  tasks                                                              03/12/25  17:09:37  PAGE 15  

                   #else /* portSTACK_GROWTH */
  872   1          {
  873   2              pxTopOfStack = pxNewTCB->pxStack;
  874   2      
  875   2              /* Check the alignment of the stack buffer is correct. */
  876   2              configASSERT( ( ( ( portPOINTER_SIZE_TYPE ) pxNewTCB->pxStack & ( portPOINTER_SIZE_TYPE ) portBYT
             -E_ALIGNMENT_MASK ) == 0UL ) );
  877   2      
  878   2              /* The other extreme of the stack space is required if stack checking is
  879   2               * performed. */
  880   2              pxNewTCB->pxEndOfStack = pxNewTCB->pxStack + ( ulStackDepth - ( uint32_t ) 1 );
  881   2          }
  882   1          #endif /* portSTACK_GROWTH */
  883   1      
  884   1          /* Store the task name in the TCB. */
  885   1          if( pcName != NULL )
  886   1          {
  887   2              for( x = ( UBaseType_t ) 0; x < ( UBaseType_t ) configMAX_TASK_NAME_LEN; x++ )
  888   2              {
  889   3                  pxNewTCB->pcTaskName[ x ] = pcName[ x ];
  890   3      
  891   3                  /* Don't copy all configMAX_TASK_NAME_LEN if the string is shorter than
  892   3                   * configMAX_TASK_NAME_LEN characters just in case the memory after the
  893   3                   * string is not accessible (extremely unlikely). */
  894   3                  if( pcName[ x ] == ( char ) 0x00 )
  895   3                  {
  896   4                      break;
  897   4                  }
  898   3                  else
  899   3                  {
  900   4                      mtCOVERAGE_TEST_MARKER();
  901   4                  }
  902   3              }
  903   2      
  904   2              /* Ensure the name string is terminated in the case that the string length
  905   2               * was greater or equal to configMAX_TASK_NAME_LEN. */
  906   2              pxNewTCB->pcTaskName[ configMAX_TASK_NAME_LEN - 1 ] = '\0';
  907   2          }
  908   1          else
  909   1          {
  910   2              mtCOVERAGE_TEST_MARKER();
  911   2          }
  912   1      
  913   1          /* This is used as an array index so must ensure it's not too large. */
  914   1          configASSERT( uxPriority < configMAX_PRIORITIES );
  915   1      
  916   1          if( uxPriority >= ( UBaseType_t ) configMAX_PRIORITIES )
  917   1          {
  918   2              uxPriority = ( UBaseType_t ) configMAX_PRIORITIES - ( UBaseType_t ) 1U;
  919   2          }
  920   1          else
  921   1          {
  922   2              mtCOVERAGE_TEST_MARKER();
  923   2          }
  924   1      
  925   1          pxNewTCB->uxPriority = uxPriority;
  926   1          #if ( configUSE_MUTEXES == 1 )
  927   1          {
  928   2              pxNewTCB->uxBasePriority = uxPriority;
  929   2          }
  930   1          #endif /* configUSE_MUTEXES */
  931   1      
  932   1          vListInitialiseItem( &( pxNewTCB->xStateListItem ) );
  933   1          vListInitialiseItem( &( pxNewTCB->xEventListItem ) );
  934   1      
  935   1          /* Set the pxNewTCB as a link back from the ListItem_t.  This is so we can get
C251 COMPILER V5.60.0,  tasks                                                              03/12/25  17:09:37  PAGE 16  

  936   1           * back to  the containing TCB from a generic item in a list. */
  937   1          listSET_LIST_ITEM_OWNER( &( pxNewTCB->xStateListItem ), pxNewTCB );
  938   1      
  939   1          /* Event lists are always in priority order. */
  940   1          listSET_LIST_ITEM_VALUE( &( pxNewTCB->xEventListItem ), ( TickType_t ) configMAX_PRIORITIES - ( TickT
             -ype_t ) uxPriority ); /*lint !e961 MISRA exception as the casts are only redundant for some ports. */
  941   1          listSET_LIST_ITEM_OWNER( &( pxNewTCB->xEventListItem ), pxNewTCB );
  942   1      
  943   1          #if ( portUSING_MPU_WRAPPERS == 1 )
                   {
                       vPortStoreTaskMPUSettings( &( pxNewTCB->xMPUSettings ), xRegions, pxNewTCB->pxStack, ulStackDepth
             - );
                   }
                   #else
  948   1          {
  949   2              /* Avoid compiler warning about unreferenced parameter. */
  950   2              if( xRegions);//( void ) xRegions;
  951   2          }
  952   1          #endif
  953   1      
  954   1          #if ( ( configUSE_NEWLIB_REENTRANT == 1 ) || ( configUSE_C_RUNTIME_TLS_SUPPORT == 1 ) )
                   {
                       /* Allocate and initialize memory for the task's TLS Block. */
                       configINIT_TLS_BLOCK( pxNewTCB->xTLSBlock );
                   }
                   #endif
  960   1      
  961   1          /* Initialize the TCB stack to look as if the task was already running,
  962   1           * but had been interrupted by the scheduler.  The return address is set
  963   1           * to the start of the task function. Once the stack has been initialised
  964   1           * the top of stack variable is updated. */
  965   1          #if ( portUSING_MPU_WRAPPERS == 1 )
                   {
                       /* If the port has capability to detect stack overflow,
                        * pass the stack end address to the stack initialization
                        * function as well. */
                       #if ( portHAS_STACK_OVERFLOW_CHECKING == 1 )
                       {
                           #if ( portSTACK_GROWTH < 0 )
                           {
                               pxNewTCB->pxTopOfStack = pxPortInitialiseStack( pxTopOfStack, pxNewTCB->pxStack, pxTaskCo
             -de, pvParameters, xRunPrivileged );
                           }
                           #else /* portSTACK_GROWTH */
                           {
                               pxNewTCB->pxTopOfStack = pxPortInitialiseStack( pxTopOfStack, pxNewTCB->pxEndOfStack, pxT
             -askCode, pvParameters, xRunPrivileged );
                           }
                           #endif /* portSTACK_GROWTH */
                       }
                       #else /* portHAS_STACK_OVERFLOW_CHECKING */
                       {
                           pxNewTCB->pxTopOfStack = pxPortInitialiseStack( pxTopOfStack, pxTaskCode, pvParameters, xRunP
             -rivileged );
                       }
                       #endif /* portHAS_STACK_OVERFLOW_CHECKING */
                   }
                   #else /* portUSING_MPU_WRAPPERS */
  989   1          {
  990   2              /* If the port has capability to detect stack overflow,
  991   2               * pass the stack end address to the stack initialization
  992   2               * function as well. */
  993   2              #if ( portHAS_STACK_OVERFLOW_CHECKING == 1 )
                       {
                           #if ( portSTACK_GROWTH < 0 )
                           {
C251 COMPILER V5.60.0,  tasks                                                              03/12/25  17:09:37  PAGE 17  

                               pxNewTCB->pxTopOfStack = pxPortInitialiseStack( pxTopOfStack, pxNewTCB->pxStack, pxTaskCo
             -de, pvParameters );
                           }
                           #else /* portSTACK_GROWTH */
                           {
                               pxNewTCB->pxTopOfStack = pxPortInitialiseStack( pxTopOfStack, pxNewTCB->pxEndOfStack, pxT
             -askCode, pvParameters );
                           }
                           #endif /* portSTACK_GROWTH */
                       }
                       #else /* portHAS_STACK_OVERFLOW_CHECKING */
 1006   2              {
 1007   3                  pxNewTCB->pxTopOfStack = pxPortInitialiseStack( pxTopOfStack, pxTaskCode, pvParameters );
 1008   3              }
 1009   2              #endif /* portHAS_STACK_OVERFLOW_CHECKING */
 1010   2          }
 1011   1          #endif /* portUSING_MPU_WRAPPERS */
 1012   1      
 1013   1          if( pxCreatedTask != NULL )
 1014   1          {
 1015   2              /* Pass the handle out in an anonymous way.  The handle can be used to
 1016   2               * change the created task's priority, delete the created task, etc.*/
 1017   2              *pxCreatedTask = ( TaskHandle_t ) pxNewTCB;
 1018   2          }
 1019   1          else
 1020   1          {
 1021   2              mtCOVERAGE_TEST_MARKER();
 1022   2          }
 1023   1      }
 1024          /*-----------------------------------------------------------*/
 1025          
 1026          static void prvAddNewTaskToReadyList( TCB_t * pxNewTCB )
 1027          {
 1028   1          /* Ensure interrupts don't access the task lists while the lists are being
 1029   1           * updated. */
 1030   1          taskENTER_CRITICAL();
 1031   1          {
 1032   2              uxCurrentNumberOfTasks++;
 1033   2      
 1034   2              if( pxCurrentTCB == NULL )
 1035   2              {
 1036   3                  /* There are no other tasks, or all the other tasks are in
 1037   3                   * the suspended state - make this the current task. */
 1038   3                  pxCurrentTCB = pxNewTCB;
 1039   3      
 1040   3                  if( uxCurrentNumberOfTasks == ( UBaseType_t ) 1 )
 1041   3                  {
 1042   4                      /* This is the first task to be created so do the preliminary
 1043   4                       * initialisation required.  We will not recover if this call
 1044   4                       * fails, but we will report the failure. */
 1045   4                      prvInitialiseTaskLists();
 1046   4                  }
 1047   3                  else
 1048   3                  {
 1049   4                      mtCOVERAGE_TEST_MARKER();
 1050   4                  }
 1051   3              }
 1052   2              else
 1053   2              {
 1054   3                  /* If the scheduler is not already running, make this task the
 1055   3                   * current task if it is the highest priority task to be created
 1056   3                   * so far. */
 1057   3                  if( xSchedulerRunning == pdFALSE )
 1058   3                  {
 1059   4                      if( pxCurrentTCB->uxPriority <= pxNewTCB->uxPriority )
 1060   4                      {
C251 COMPILER V5.60.0,  tasks                                                              03/12/25  17:09:37  PAGE 18  

 1061   5                          pxCurrentTCB = pxNewTCB;
 1062   5                      }
 1063   4                      else
 1064   4                      {
 1065   5                          mtCOVERAGE_TEST_MARKER();
 1066   5                      }
 1067   4                  }
 1068   3                  else
 1069   3                  {
 1070   4                      mtCOVERAGE_TEST_MARKER();
 1071   4                  }
 1072   3              }
 1073   2      
 1074   2              uxTaskNumber++;
 1075   2      
 1076   2              #if ( configUSE_TRACE_FACILITY == 1 )
 1077   2              {
 1078   3                  /* Add a counter into the TCB for tracing only. */
 1079   3                  pxNewTCB->uxTCBNumber = uxTaskNumber;
 1080   3              }
 1081   2              #endif /* configUSE_TRACE_FACILITY */
 1082   2              traceTASK_CREATE( pxNewTCB );
 1083   2      
 1084   2              prvAddTaskToReadyList( pxNewTCB );
 1085   2      
 1086   2              portSETUP_TCB( pxNewTCB );
 1087   2          }
 1088   1          taskEXIT_CRITICAL();
 1089   1      
 1090   1          if( xSchedulerRunning != pdFALSE )
 1091   1          {
 1092   2              /* If the created task is of a higher priority than the current task
 1093   2               * then it should run now. */
 1094   2              if( pxCurrentTCB->uxPriority < pxNewTCB->uxPriority )
 1095   2              {
 1096   3                  taskYIELD_IF_USING_PREEMPTION();
 1097   3              }
 1098   2              else
 1099   2              {
 1100   3                  mtCOVERAGE_TEST_MARKER();
 1101   3              }
 1102   2          }
 1103   1          else
 1104   1          {
 1105   2              mtCOVERAGE_TEST_MARKER();
 1106   2          }
 1107   1      }
 1108          /*-----------------------------------------------------------*/
 1109          
 1110          #if ( INCLUDE_vTaskDelete == 1 )
 1111          
 1112              void vTaskDelete( TaskHandle_t xTaskToDelete )
 1113              {
 1114   1              TCB_t * pxTCB;
 1115   1      
 1116   1              taskENTER_CRITICAL();
 1117   1              {
 1118   2                  /* If null is passed in here then it is the calling task that is
 1119   2                   * being deleted. */
 1120   2                  pxTCB = prvGetTCBFromHandle( xTaskToDelete );
 1121   2      
 1122   2                  /* Remove task from the ready/delayed list. */
 1123   2                  if( uxListRemove( &( pxTCB->xStateListItem ) ) == ( UBaseType_t ) 0 )
 1124   2                  {
 1125   3                      taskRESET_READY_PRIORITY( pxTCB->uxPriority );
 1126   3                  }
C251 COMPILER V5.60.0,  tasks                                                              03/12/25  17:09:37  PAGE 19  

 1127   2                  else
 1128   2                  {
 1129   3                      mtCOVERAGE_TEST_MARKER();
 1130   3                  }
 1131   2      
 1132   2                  /* Is the task waiting on an event also? */
 1133   2                  if( listLIST_ITEM_CONTAINER( &( pxTCB->xEventListItem ) ) != NULL )
 1134   2                  {
 1135   3                      ( void ) uxListRemove( &( pxTCB->xEventListItem ) );
 1136   3                  }
 1137   2                  else
 1138   2                  {
 1139   3                      mtCOVERAGE_TEST_MARKER();
 1140   3                  }
 1141   2      
 1142   2                  /* Increment the uxTaskNumber also so kernel aware debuggers can
 1143   2                   * detect that the task lists need re-generating.  This is done before
 1144   2                   * portPRE_TASK_DELETE_HOOK() as in the Windows port that macro will
 1145   2                   * not return. */
 1146   2                  uxTaskNumber++;
 1147   2      
 1148   2                  if( pxTCB == pxCurrentTCB )
 1149   2                  {
 1150   3                      /* A task is deleting itself.  This cannot complete within the
 1151   3                       * task itself, as a context switch to another task is required.
 1152   3                       * Place the task in the termination list.  The idle task will
 1153   3                       * check the termination list and free up any memory allocated by
 1154   3                       * the scheduler for the TCB and stack of the deleted task. */
 1155   3                      vListInsertEnd( &xTasksWaitingTermination, &( pxTCB->xStateListItem ) );
 1156   3      
 1157   3                      /* Increment the ucTasksDeleted variable so the idle task knows
 1158   3                       * there is a task that has been deleted and that it should therefore
 1159   3                       * check the xTasksWaitingTermination list. */
 1160   3                      ++uxDeletedTasksWaitingCleanUp;
 1161   3      
 1162   3                      /* Call the delete hook before portPRE_TASK_DELETE_HOOK() as
 1163   3                       * portPRE_TASK_DELETE_HOOK() does not return in the Win32 port. */
 1164   3                      traceTASK_DELETE( pxTCB );
 1165   3      
 1166   3                      /* The pre-delete hook is primarily for the Windows simulator,
 1167   3                       * in which Windows specific clean up operations are performed,
 1168   3                       * after which it is not possible to yield away from this task -
 1169   3                       * hence xYieldPending is used to latch that a context switch is
 1170   3                       * required. */
 1171   3                      portPRE_TASK_DELETE_HOOK( pxTCB, &xYieldPending );
 1172   3                  }
 1173   2                  else
 1174   2                  {
 1175   3                      --uxCurrentNumberOfTasks;
 1176   3                      traceTASK_DELETE( pxTCB );
 1177   3      
 1178   3                      /* Reset the next expected unblock time in case it referred to
 1179   3                       * the task that has just been deleted. */
 1180   3                      prvResetNextTaskUnblockTime();
 1181   3                  }
 1182   2              }
 1183   1              taskEXIT_CRITICAL();
 1184   1      
 1185   1              /* If the task is not deleting itself, call prvDeleteTCB from outside of
 1186   1               * critical section. If a task deletes itself, prvDeleteTCB is called
 1187   1               * from prvCheckTasksWaitingTermination which is called from Idle task. */
 1188   1              if( pxTCB != pxCurrentTCB )
 1189   1              {
 1190   2                  prvDeleteTCB( pxTCB );
 1191   2              }
 1192   1      
C251 COMPILER V5.60.0,  tasks                                                              03/12/25  17:09:37  PAGE 20  

 1193   1              /* Force a reschedule if it is the currently running task that has just
 1194   1               * been deleted. */
 1195   1              if( xSchedulerRunning != pdFALSE )
 1196   1              {
 1197   2                  if( pxTCB == pxCurrentTCB )
 1198   2                  {
 1199   3                      configASSERT( uxSchedulerSuspended == 0 );
 1200   3                      portYIELD_WITHIN_API();
 1201   3                  }
 1202   2                  else
 1203   2                  {
 1204   3                      mtCOVERAGE_TEST_MARKER();
 1205   3                  }
 1206   2              }
 1207   1          }
 1208          
 1209          #endif /* INCLUDE_vTaskDelete */
 1210          /*-----------------------------------------------------------*/
 1211          
 1212          #if ( INCLUDE_xTaskDelayUntil == 1 )
 1213          
 1214              BaseType_t xTaskDelayUntil( TickType_t * const pxPreviousWakeTime,
 1215                                          const TickType_t xTimeIncrement )
 1216              {
 1217   1              TickType_t xTimeToWake;
 1218   1              BaseType_t xAlreadyYielded, xShouldDelay = pdFALSE;
 1219   1      
 1220   1              configASSERT( pxPreviousWakeTime );
 1221   1              configASSERT( ( xTimeIncrement > 0U ) );
 1222   1              configASSERT( uxSchedulerSuspended == 0 );
 1223   1      
 1224   1              vTaskSuspendAll();
 1225   1              {
 1226   2                  /* Minor optimisation.  The tick count cannot change in this
 1227   2                   * block. */
 1228   2                  const TickType_t xConstTickCount = xTickCount;
 1229   2      
 1230   2                  /* Generate the tick time at which the task wants to wake. */
 1231   2                  xTimeToWake = *pxPreviousWakeTime + xTimeIncrement;
 1232   2      
 1233   2                  if( xConstTickCount < *pxPreviousWakeTime )
 1234   2                  {
 1235   3                      /* The tick count has overflowed since this function was
 1236   3                       * lasted called.  In this case the only time we should ever
 1237   3                       * actually delay is if the wake time has also  overflowed,
 1238   3                       * and the wake time is greater than the tick time.  When this
 1239   3                       * is the case it is as if neither time had overflowed. */
 1240   3                      if( ( xTimeToWake < *pxPreviousWakeTime ) && ( xTimeToWake > xConstTickCount ) )
 1241   3                      {
 1242   4                          xShouldDelay = pdTRUE;
 1243   4                      }
 1244   3                      else
 1245   3                      {
 1246   4                          mtCOVERAGE_TEST_MARKER();
 1247   4                      }
 1248   3                  }
 1249   2                  else
 1250   2                  {
 1251   3                      /* The tick time has not overflowed.  In this case we will
 1252   3                       * delay if either the wake time has overflowed, and/or the
 1253   3                       * tick time is less than the wake time. */
 1254   3                      if( ( xTimeToWake < *pxPreviousWakeTime ) || ( xTimeToWake > xConstTickCount ) )
 1255   3                      {
 1256   4                          xShouldDelay = pdTRUE;
 1257   4                      }
 1258   3                      else
C251 COMPILER V5.60.0,  tasks                                                              03/12/25  17:09:37  PAGE 21  

 1259   3                      {
 1260   4                          mtCOVERAGE_TEST_MARKER();
 1261   4                      }
 1262   3                  }
 1263   2      
 1264   2                  /* Update the wake time ready for the next call. */
 1265   2                  *pxPreviousWakeTime = xTimeToWake;
 1266   2      
 1267   2                  if( xShouldDelay != pdFALSE )
 1268   2                  {
 1269   3                      traceTASK_DELAY_UNTIL( xTimeToWake );
 1270   3      
 1271   3                      /* prvAddCurrentTaskToDelayedList() needs the block time, not
 1272   3                       * the time to wake, so subtract the current tick count. */
 1273   3                      prvAddCurrentTaskToDelayedList( xTimeToWake - xConstTickCount, pdFALSE );
 1274   3                  }
 1275   2                  else
 1276   2                  {
 1277   3                      mtCOVERAGE_TEST_MARKER();
 1278   3                  }
 1279   2              }
 1280   1              xAlreadyYielded = xTaskResumeAll();
 1281   1      
 1282   1              /* Force a reschedule if xTaskResumeAll has not already done so, we may
 1283   1               * have put ourselves to sleep. */
 1284   1              if( xAlreadyYielded == pdFALSE )
 1285   1              {
 1286   2                  portYIELD_WITHIN_API();
 1287   2              }
 1288   1              else
 1289   1              {
 1290   2                  mtCOVERAGE_TEST_MARKER();
 1291   2              }
 1292   1      
 1293   1              return xShouldDelay;
 1294   1          }
 1295          
 1296          #endif /* INCLUDE_xTaskDelayUntil */
 1297          /*-----------------------------------------------------------*/
 1298          
 1299          #if ( INCLUDE_vTaskDelay == 1 )
 1300          
 1301              void vTaskDelay( const TickType_t xTicksToDelay )
 1302              {
 1303   1              BaseType_t xAlreadyYielded = pdFALSE;
 1304   1      
 1305   1              /* A delay time of zero just forces a reschedule. */
 1306   1              if( xTicksToDelay > ( TickType_t ) 0U )
 1307   1              {
 1308   2                  configASSERT( uxSchedulerSuspended == 0 );
 1309   2                  vTaskSuspendAll();
 1310   2                  {
 1311   3                      traceTASK_DELAY();
 1312   3      
 1313   3                      /* A task that is removed from the event list while the
 1314   3                       * scheduler is suspended will not get placed in the ready
 1315   3                       * list or removed from the blocked list until the scheduler
 1316   3                       * is resumed.
 1317   3                       *
 1318   3                       * This task cannot be in an event list as it is the currently
 1319   3                       * executing task. */
 1320   3                      prvAddCurrentTaskToDelayedList( xTicksToDelay, pdFALSE );
 1321   3                  }
 1322   2                  xAlreadyYielded = xTaskResumeAll();
 1323   2              }
 1324   1              else
C251 COMPILER V5.60.0,  tasks                                                              03/12/25  17:09:37  PAGE 22  

 1325   1              {
 1326   2                  mtCOVERAGE_TEST_MARKER();
 1327   2              }
 1328   1      
 1329   1              /* Force a reschedule if xTaskResumeAll has not already done so, we may
 1330   1               * have put ourselves to sleep. */
 1331   1              if( xAlreadyYielded == pdFALSE )
 1332   1              {
 1333   2                  portYIELD_WITHIN_API();
 1334   2              }
 1335   1              else
 1336   1              {
 1337   2                  mtCOVERAGE_TEST_MARKER();
 1338   2              }
 1339   1          }
 1340          
 1341          #endif /* INCLUDE_vTaskDelay */
 1342          /*-----------------------------------------------------------*/
 1343          
 1344          #if ( ( INCLUDE_eTaskGetState == 1 ) || ( configUSE_TRACE_FACILITY == 1 ) || ( INCLUDE_xTaskAbortDelay ==
             - 1 ) )
 1345          
 1346              eTaskState eTaskGetState( TaskHandle_t xTask )
 1347              {
 1348   1              eTaskState eReturn;
 1349   1              List_t const * pxStateList;
 1350   1              List_t const * pxDelayedList;
 1351   1              List_t const * pxOverflowedDelayedList;
 1352   1              const TCB_t * const pxTCB = xTask;
 1353   1      
 1354   1              configASSERT( pxTCB );
 1355   1      
 1356   1              if( pxTCB == pxCurrentTCB )
 1357   1              {
 1358   2                  /* The task calling this function is querying its own state. */
 1359   2                  eReturn = eRunning;
 1360   2              }
 1361   1              else
 1362   1              {
 1363   2                  taskENTER_CRITICAL();
 1364   2                  {
 1365   3                      pxStateList = listLIST_ITEM_CONTAINER( &( pxTCB->xStateListItem ) );
 1366   3                      pxDelayedList = pxDelayedTaskList;
 1367   3                      pxOverflowedDelayedList = pxOverflowDelayedTaskList;
 1368   3                  }
 1369   2                  taskEXIT_CRITICAL();
 1370   2      
 1371   2                  if( ( pxStateList == pxDelayedList ) || ( pxStateList == pxOverflowedDelayedList ) )
 1372   2                  {
 1373   3                      /* The task being queried is referenced from one of the Blocked
 1374   3                       * lists. */
 1375   3                      eReturn = eBlocked;
 1376   3                  }
 1377   2      
 1378   2                  #if ( INCLUDE_vTaskSuspend == 1 )
 1379   2                      else if( pxStateList == (List_t*)&xSuspendedTaskList )
 1380   2                      {
 1381   3                          /* The task being queried is referenced from the suspended
 1382   3                           * list.  Is it genuinely suspended or is it blocked
 1383   3                           * indefinitely? */
 1384   3                          if( listLIST_ITEM_CONTAINER( &( pxTCB->xEventListItem ) ) == NULL )
 1385   3                          {
 1386   4                              #if ( configUSE_TASK_NOTIFICATIONS == 1 )
 1387   4                              {
 1388   5                                  BaseType_t x;
 1389   5      
C251 COMPILER V5.60.0,  tasks                                                              03/12/25  17:09:37  PAGE 23  

 1390   5                                  /* The task does not appear on the event list item of
 1391   5                                   * and of the RTOS objects, but could still be in the
 1392   5                                   * blocked state if it is waiting on its notification
 1393   5                                   * rather than waiting on an object.  If not, is
 1394   5                                   * suspended. */
 1395   5                                  eReturn = eSuspended;
 1396   5      
 1397   5                                  for( x = 0; x < configTASK_NOTIFICATION_ARRAY_ENTRIES; x++ )
 1398   5                                  {
 1399   6                                      if( pxTCB->ucNotifyState[ x ] == taskWAITING_NOTIFICATION )
 1400   6                                      {
 1401   7                                          eReturn = eBlocked;
 1402   7                                          break;
 1403   7                                      }
 1404   6                                  }
 1405   5                              }
 1406   4                              #else /* if ( configUSE_TASK_NOTIFICATIONS == 1 ) */
                                       {
                                           eReturn = eSuspended;
                                       }
                                       #endif /* if ( configUSE_TASK_NOTIFICATIONS == 1 ) */
 1411   4                          }
 1412   3                          else
 1413   3                          {
 1414   4                              eReturn = eBlocked;
 1415   4                          }
 1416   3                      }
 1417   2                  #endif /* if ( INCLUDE_vTaskSuspend == 1 ) */
 1418   2      
 1419   2                  #if ( INCLUDE_vTaskDelete == 1 )
 1420   2                      else if( ( pxStateList == (List_t*)&xTasksWaitingTermination ) || ( pxStateList == NULL )
             - )
 1421   2                      {
 1422   3                          /* The task being queried is referenced from the deleted
 1423   3                           * tasks list, or it is not referenced from any lists at
 1424   3                           * all. */
 1425   3                          eReturn = eDeleted;
 1426   3                      }
 1427   2                  #endif
 1428   2      
 1429   2                  else /*lint !e525 Negative indentation is intended to make use of pre-processor clearer. */
 1430   2                  {
 1431   3                      /* If the task is not in any other state, it must be in the
 1432   3                       * Ready (including pending ready) state. */
 1433   3                      eReturn = eReady;
 1434   3                  }
 1435   2              }
 1436   1      
 1437   1              return eReturn;
 1438   1          } /*lint !e818 xTask cannot be a pointer to const because it is a typedef. */
 1439          
 1440          #endif /* INCLUDE_eTaskGetState */
 1441          /*-----------------------------------------------------------*/
 1442          
 1443          #if ( INCLUDE_uxTaskPriorityGet == 1 )
 1444          
 1445              UBaseType_t uxTaskPriorityGet( const TaskHandle_t xTask )
 1446              {
 1447   1              TCB_t const * pxTCB;
 1448   1              UBaseType_t uxReturn;
 1449   1      
 1450   1              taskENTER_CRITICAL();
 1451   1              {
 1452   2                  /* If null is passed in here then it is the priority of the task
 1453   2                   * that called uxTaskPriorityGet() that is being queried. */
 1454   2                  pxTCB = prvGetTCBFromHandle( xTask );
C251 COMPILER V5.60.0,  tasks                                                              03/12/25  17:09:37  PAGE 24  

 1455   2                  uxReturn = pxTCB->uxPriority;
 1456   2              }
 1457   1              taskEXIT_CRITICAL();
 1458   1      
 1459   1              return uxReturn;
 1460   1          }
 1461          
 1462          #endif /* INCLUDE_uxTaskPriorityGet */
 1463          /*-----------------------------------------------------------*/
 1464          
 1465          #if ( INCLUDE_uxTaskPriorityGet == 1 )
 1466          
 1467              UBaseType_t uxTaskPriorityGetFromISR( const TaskHandle_t xTask )
 1468              {
 1469   1              TCB_t const * pxTCB;
 1470   1              UBaseType_t uxReturn, uxSavedInterruptState;
 1471   1      
 1472   1              /* RTOS ports that support interrupt nesting have the concept of a
 1473   1               * maximum  system call (or maximum API call) interrupt priority.
 1474   1               * Interrupts that are  above the maximum system call priority are keep
 1475   1               * permanently enabled, even when the RTOS kernel is in a critical section,
 1476   1               * but cannot make any calls to FreeRTOS API functions.  If configASSERT()
 1477   1               * is defined in FreeRTOSConfig.h then
 1478   1               * portASSERT_IF_INTERRUPT_PRIORITY_INVALID() will result in an assertion
 1479   1               * failure if a FreeRTOS API function is called from an interrupt that has
 1480   1               * been assigned a priority above the configured maximum system call
 1481   1               * priority.  Only FreeRTOS functions that end in FromISR can be called
 1482   1               * from interrupts  that have been assigned a priority at or (logically)
 1483   1               * below the maximum system call interrupt priority.  FreeRTOS maintains a
 1484   1               * separate interrupt safe API to ensure interrupt entry is as fast and as
 1485   1               * simple as possible.  More information (albeit Cortex-M specific) is
 1486   1               * provided on the following link:
 1487   1               * https://www.FreeRTOS.org/RTOS-Cortex-M3-M4.html */
 1488   1              portASSERT_IF_INTERRUPT_PRIORITY_INVALID();
 1489   1      
 1490   1              uxSavedInterruptState = portSET_INTERRUPT_MASK_FROM_ISR();
 1491   1              {
 1492   2                  /* If null is passed in here then it is the priority of the calling
 1493   2                   * task that is being queried. */
 1494   2                  pxTCB = prvGetTCBFromHandle( xTask );
 1495   2                  uxReturn = pxTCB->uxPriority;
 1496   2              }
 1497   1              portCLEAR_INTERRUPT_MASK_FROM_ISR( uxSavedInterruptState );
 1498   1      
 1499   1              return uxReturn;
 1500   1          }
 1501          
 1502          #endif /* INCLUDE_uxTaskPriorityGet */
 1503          /*-----------------------------------------------------------*/
 1504          
 1505          #if ( INCLUDE_vTaskPrioritySet == 1 )
 1506          
 1507              void vTaskPrioritySet( TaskHandle_t xTask,
 1508                                     UBaseType_t uxNewPriority )
 1509              {
 1510   1              TCB_t * pxTCB;
 1511   1              UBaseType_t uxCurrentBasePriority, uxPriorityUsedOnEntry;
 1512   1              BaseType_t xYieldRequired = pdFALSE;
 1513   1      
 1514   1              configASSERT( uxNewPriority < configMAX_PRIORITIES );
 1515   1      
 1516   1              /* Ensure the new priority is valid. */
 1517   1              if( uxNewPriority >= ( UBaseType_t ) configMAX_PRIORITIES )
 1518   1              {
 1519   2                  uxNewPriority = ( UBaseType_t ) configMAX_PRIORITIES - ( UBaseType_t ) 1U;
 1520   2              }
C251 COMPILER V5.60.0,  tasks                                                              03/12/25  17:09:37  PAGE 25  

 1521   1              else
 1522   1              {
 1523   2                  mtCOVERAGE_TEST_MARKER();
 1524   2              }
 1525   1      
 1526   1              taskENTER_CRITICAL();
 1527   1              {
 1528   2                  /* If null is passed in here then it is the priority of the calling
 1529   2                   * task that is being changed. */
 1530   2                  pxTCB = prvGetTCBFromHandle( xTask );
 1531   2      
 1532   2                  traceTASK_PRIORITY_SET( pxTCB, uxNewPriority );
 1533   2      
 1534   2                  #if ( configUSE_MUTEXES == 1 )
 1535   2                  {
 1536   3                      uxCurrentBasePriority = pxTCB->uxBasePriority;
 1537   3                  }
 1538   2                  #else
                           {
                               uxCurrentBasePriority = pxTCB->uxPriority;
                           }
                           #endif
 1543   2      
 1544   2                  if( uxCurrentBasePriority != uxNewPriority )
 1545   2                  {
 1546   3                      /* The priority change may have readied a task of higher
 1547   3                       * priority than the calling task. */
 1548   3                      if( uxNewPriority > uxCurrentBasePriority )
 1549   3                      {
 1550   4                          if( pxTCB != pxCurrentTCB )
 1551   4                          {
 1552   5                              /* The priority of a task other than the currently
 1553   5                               * running task is being raised.  Is the priority being
 1554   5                               * raised above that of the running task? */
 1555   5                              if( uxNewPriority >= pxCurrentTCB->uxPriority )
 1556   5                              {
 1557   6                                  xYieldRequired = pdTRUE;
 1558   6                              }
 1559   5                              else
 1560   5                              {
 1561   6                                  mtCOVERAGE_TEST_MARKER();
 1562   6                              }
 1563   5                          }
 1564   4                          else
 1565   4                          {
 1566   5                              /* The priority of the running task is being raised,
 1567   5                               * but the running task must already be the highest
 1568   5                               * priority task able to run so no yield is required. */
 1569   5                          }
 1570   4                      }
 1571   3                      else if( pxTCB == pxCurrentTCB )
 1572   3                      {
 1573   4                          /* Setting the priority of the running task down means
 1574   4                           * there may now be another task of higher priority that
 1575   4                           * is ready to execute. */
 1576   4                          xYieldRequired = pdTRUE;
 1577   4                      }
 1578   3                      else
 1579   3                      {
 1580   4                          /* Setting the priority of any other task down does not
 1581   4                           * require a yield as the running task must be above the
 1582   4                           * new priority of the task being modified. */
 1583   4                      }
 1584   3      
 1585   3                      /* Remember the ready list the task might be referenced from
 1586   3                       * before its uxPriority member is changed so the
C251 COMPILER V5.60.0,  tasks                                                              03/12/25  17:09:37  PAGE 26  

 1587   3                       * taskRESET_READY_PRIORITY() macro can function correctly. */
 1588   3                      uxPriorityUsedOnEntry = pxTCB->uxPriority;
 1589   3      
 1590   3                      #if ( configUSE_MUTEXES == 1 )
 1591   3                      {
 1592   4                          /* Only change the priority being used if the task is not
 1593   4                           * currently using an inherited priority. */
 1594   4                          if( pxTCB->uxBasePriority == pxTCB->uxPriority )
 1595   4                          {
 1596   5                              pxTCB->uxPriority = uxNewPriority;
 1597   5                          }
 1598   4                          else
 1599   4                          {
 1600   5                              mtCOVERAGE_TEST_MARKER();
 1601   5                          }
 1602   4      
 1603   4                          /* The base priority gets set whatever. */
 1604   4                          pxTCB->uxBasePriority = uxNewPriority;
 1605   4                      }
 1606   3                      #else /* if ( configUSE_MUTEXES == 1 ) */
                               {
                                   pxTCB->uxPriority = uxNewPriority;
                               }
                               #endif /* if ( configUSE_MUTEXES == 1 ) */
 1611   3      
 1612   3                      /* Only reset the event list item value if the value is not
 1613   3                       * being used for anything else. */
 1614   3                      if( ( listGET_LIST_ITEM_VALUE( &( pxTCB->xEventListItem ) ) & taskEVENT_LIST_ITEM_VALUE_I
             -N_USE ) == 0UL )
 1615   3                      {
 1616   4                          listSET_LIST_ITEM_VALUE( &( pxTCB->xEventListItem ), ( ( TickType_t ) configMAX_PRIOR
             -ITIES - ( TickType_t ) uxNewPriority ) ); /*lint !e961 MISRA exception as the casts are only redundant for some ports. *
             -/
 1617   4                      }
 1618   3                      else
 1619   3                      {
 1620   4                          mtCOVERAGE_TEST_MARKER();
 1621   4                      }
 1622   3      
 1623   3                      /* If the task is in the blocked or suspended list we need do
 1624   3                       * nothing more than change its priority variable. However, if
 1625   3                       * the task is in a ready list it needs to be removed and placed
 1626   3                       * in the list appropriate to its new priority. */
 1627   3                      if( listIS_CONTAINED_WITHIN( (List_t*)&( pxReadyTasksLists[ uxPriorityUsedOnEntry ] ), &(
             - pxTCB->xStateListItem ) ) != pdFALSE )
 1628   3                      {
 1629   4                          /* The task is currently in its ready list - remove before
 1630   4                           * adding it to its new ready list.  As we are in a critical
 1631   4                           * section we can do this even if the scheduler is suspended. */
 1632   4                          if( uxListRemove( &( pxTCB->xStateListItem ) ) == ( UBaseType_t ) 0 )
 1633   4                          {
 1634   5                              /* It is known that the task is in its ready list so
 1635   5                               * there is no need to check again and the port level
 1636   5                               * reset macro can be called directly. */
 1637   5                              portRESET_READY_PRIORITY( uxPriorityUsedOnEntry, uxTopReadyPriority );
 1638   5                          }
 1639   4                          else
 1640   4                          {
 1641   5                              mtCOVERAGE_TEST_MARKER();
 1642   5                          }
 1643   4      
 1644   4                          prvAddTaskToReadyList( pxTCB );
 1645   4                      }
 1646   3                      else
 1647   3                      {
 1648   4                          mtCOVERAGE_TEST_MARKER();
C251 COMPILER V5.60.0,  tasks                                                              03/12/25  17:09:37  PAGE 27  

 1649   4                      }
 1650   3      
 1651   3                      if( xYieldRequired != pdFALSE )
 1652   3                      {
 1653   4                          taskYIELD_IF_USING_PREEMPTION();
 1654   4                      }
 1655   3                      else
 1656   3                      {
 1657   4                          mtCOVERAGE_TEST_MARKER();
 1658   4                      }
 1659   3      
 1660   3                      /* Remove compiler warning about unused variables when the port
 1661   3                       * optimised task selection is not being used. */
 1662   3                      if (uxPriorityUsedOnEntry);//( void ) uxPriorityUsedOnEntry;
 1663   3                  }
 1664   2              }
 1665   1              taskEXIT_CRITICAL();
 1666   1          }
 1667          
 1668          #endif /* INCLUDE_vTaskPrioritySet */
 1669          /*-----------------------------------------------------------*/
 1670          
 1671          #if ( INCLUDE_vTaskSuspend == 1 )
 1672          
 1673              void vTaskSuspend( TaskHandle_t xTaskToSuspend )
 1674              {
 1675   1              TCB_t * pxTCB;
 1676   1      
 1677   1              taskENTER_CRITICAL();
 1678   1              {
 1679   2                  /* If null is passed in here then it is the running task that is
 1680   2                   * being suspended. */
 1681   2                  pxTCB = prvGetTCBFromHandle( xTaskToSuspend );
 1682   2      
 1683   2                  traceTASK_SUSPEND( pxTCB );
 1684   2      
 1685   2                  /* Remove task from the ready/delayed list and place in the
 1686   2                   * suspended list. */
 1687   2                  if( uxListRemove( &( pxTCB->xStateListItem ) ) == ( UBaseType_t ) 0 )
 1688   2                  {
 1689   3                      taskRESET_READY_PRIORITY( pxTCB->uxPriority );
 1690   3                  }
 1691   2                  else
 1692   2                  {
 1693   3                      mtCOVERAGE_TEST_MARKER();
 1694   3                  }
 1695   2      
 1696   2                  /* Is the task waiting on an event also? */
 1697   2                  if( listLIST_ITEM_CONTAINER( &( pxTCB->xEventListItem ) ) != NULL )
 1698   2                  {
 1699   3                      ( void ) uxListRemove( &( pxTCB->xEventListItem ) );
 1700   3                  }
 1701   2                  else
 1702   2                  {
 1703   3                      mtCOVERAGE_TEST_MARKER();
 1704   3                  }
 1705   2      
 1706   2                  vListInsertEnd( &xSuspendedTaskList, &( pxTCB->xStateListItem ) );
 1707   2      
 1708   2                  #if ( configUSE_TASK_NOTIFICATIONS == 1 )
 1709   2                  {
 1710   3                      BaseType_t x;
 1711   3      
 1712   3                      for( x = 0; x < configTASK_NOTIFICATION_ARRAY_ENTRIES; x++ )
 1713   3                      {
 1714   4                          if( pxTCB->ucNotifyState[ x ] == taskWAITING_NOTIFICATION )
C251 COMPILER V5.60.0,  tasks                                                              03/12/25  17:09:37  PAGE 28  

 1715   4                          {
 1716   5                              /* The task was blocked to wait for a notification, but is
 1717   5                               * now suspended, so no notification was received. */
 1718   5                              pxTCB->ucNotifyState[ x ] = taskNOT_WAITING_NOTIFICATION;
 1719   5                          }
 1720   4                      }
 1721   3                  }
 1722   2                  #endif /* if ( configUSE_TASK_NOTIFICATIONS == 1 ) */
 1723   2              }
 1724   1              taskEXIT_CRITICAL();
 1725   1      
 1726   1              if( xSchedulerRunning != pdFALSE )
 1727   1              {
 1728   2                  /* Reset the next expected unblock time in case it referred to the
 1729   2                   * task that is now in the Suspended state. */
 1730   2                  taskENTER_CRITICAL();
 1731   2                  {
 1732   3                      prvResetNextTaskUnblockTime();
 1733   3                  }
 1734   2                  taskEXIT_CRITICAL();
 1735   2              }
 1736   1              else
 1737   1              {
 1738   2                  mtCOVERAGE_TEST_MARKER();
 1739   2              }
 1740   1      
 1741   1              if( pxTCB == pxCurrentTCB )
 1742   1              {
 1743   2                  if( xSchedulerRunning != pdFALSE )
 1744   2                  {
 1745   3                      /* The current task has just been suspended. */
 1746   3                      configASSERT( uxSchedulerSuspended == 0 );
 1747   3                      portYIELD_WITHIN_API();
 1748   3                  }
 1749   2                  else
 1750   2                  {
 1751   3                      /* The scheduler is not running, but the task that was pointed
 1752   3                       * to by pxCurrentTCB has just been suspended and pxCurrentTCB
 1753   3                       * must be adjusted to point to a different task. */
 1754   3                      if( listCURRENT_LIST_LENGTH( &xSuspendedTaskList ) == uxCurrentNumberOfTasks ) /*lint !e9
             -31 Right has no side effect, just volatile. */
 1755   3                      {
 1756   4                          /* No other tasks are ready, so set pxCurrentTCB back to
 1757   4                           * NULL so when the next task is created pxCurrentTCB will
 1758   4                           * be set to point to it no matter what its relative priority
 1759   4                           * is. */
 1760   4                          pxCurrentTCB = NULL;
 1761   4                      }
 1762   3                      else
 1763   3                      {
 1764   4                          vTaskSwitchContext();
 1765   4                      }
 1766   3                  }
 1767   2              }
 1768   1              else
 1769   1              {
 1770   2                  mtCOVERAGE_TEST_MARKER();
 1771   2              }
 1772   1          }
 1773          
 1774          #endif /* INCLUDE_vTaskSuspend */
 1775          /*-----------------------------------------------------------*/
 1776          
 1777          #if ( INCLUDE_vTaskSuspend == 1 )
 1778          
 1779              static BaseType_t prvTaskIsTaskSuspended( const TaskHandle_t xTask )
C251 COMPILER V5.60.0,  tasks                                                              03/12/25  17:09:37  PAGE 29  

 1780              {
 1781   1              BaseType_t xReturn = pdFALSE;
 1782   1              const TCB_t * const pxTCB = xTask;
 1783   1      
 1784   1              /* Accesses xPendingReadyList so must be called from a critical
 1785   1               * section. */
 1786   1      
 1787   1              /* It does not make sense to check if the calling task is suspended. */
 1788   1              configASSERT( xTask );
 1789   1      
 1790   1              /* Is the task being resumed actually in the suspended list? */
 1791   1              if( listIS_CONTAINED_WITHIN( (List_t*)&xSuspendedTaskList, &( pxTCB->xStateListItem ) ) != pdFALS
             -E )
 1792   1              {
 1793   2                  /* Has the task already been resumed from within an ISR? */
 1794   2                  if( listIS_CONTAINED_WITHIN( (List_t*)&xPendingReadyList, &( pxTCB->xEventListItem ) ) == pdF
             -ALSE )
 1795   2                  {
 1796   3                      /* Is it in the suspended list because it is in the Suspended
 1797   3                       * state, or because is is blocked with no timeout? */
 1798   3                      if( listIS_CONTAINED_WITHIN( NULL, &( pxTCB->xEventListItem ) ) != pdFALSE ) /*lint !e961
             -.  The cast is only redundant when NULL is used. */
 1799   3                      {
 1800   4                          xReturn = pdTRUE;
 1801   4                      }
 1802   3                      else
 1803   3                      {
 1804   4                          mtCOVERAGE_TEST_MARKER();
 1805   4                      }
 1806   3                  }
 1807   2                  else
 1808   2                  {
 1809   3                      mtCOVERAGE_TEST_MARKER();
 1810   3                  }
 1811   2              }
 1812   1              else
 1813   1              {
 1814   2                  mtCOVERAGE_TEST_MARKER();
 1815   2              }
 1816   1      
 1817   1              return xReturn;
 1818   1          } /*lint !e818 xTask cannot be a pointer to const because it is a typedef. */
 1819          
 1820          #endif /* INCLUDE_vTaskSuspend */
 1821          /*-----------------------------------------------------------*/
 1822          
 1823          #if ( INCLUDE_vTaskSuspend == 1 )
 1824          
 1825              void vTaskResume( TaskHandle_t xTaskToResume )
 1826              {
 1827   1              TCB_t * const pxTCB = xTaskToResume;
 1828   1      
 1829   1              /* It does not make sense to resume the calling task. */
 1830   1              configASSERT( xTaskToResume );
 1831   1      
 1832   1              /* The parameter cannot be NULL as it is impossible to resume the
 1833   1               * currently executing task. */
 1834   1              if( ( pxTCB != pxCurrentTCB ) && ( pxTCB != NULL ) )
 1835   1              {
 1836   2                  taskENTER_CRITICAL();
 1837   2                  {
 1838   3                      if( prvTaskIsTaskSuspended( pxTCB ) != pdFALSE )
 1839   3                      {
 1840   4                          traceTASK_RESUME( pxTCB );
 1841   4      
 1842   4                          /* The ready list can be accessed even if the scheduler is
C251 COMPILER V5.60.0,  tasks                                                              03/12/25  17:09:37  PAGE 30  

 1843   4                           * suspended because this is inside a critical section. */
 1844   4                          ( void ) uxListRemove( &( pxTCB->xStateListItem ) );
 1845   4                          prvAddTaskToReadyList( pxTCB );
 1846   4      
 1847   4                          /* A higher priority task may have just been resumed. */
 1848   4                          if( pxTCB->uxPriority >= pxCurrentTCB->uxPriority )
 1849   4                          {
 1850   5                              /* This yield may not cause the task just resumed to run,
 1851   5                               * but will leave the lists in the correct state for the
 1852   5                               * next yield. */
 1853   5                              taskYIELD_IF_USING_PREEMPTION();
 1854   5                          }
 1855   4                          else
 1856   4                          {
 1857   5                              mtCOVERAGE_TEST_MARKER();
 1858   5                          }
 1859   4                      }
 1860   3                      else
 1861   3                      {
 1862   4                          mtCOVERAGE_TEST_MARKER();
 1863   4                      }
 1864   3                  }
 1865   2                  taskEXIT_CRITICAL();
 1866   2              }
 1867   1              else
 1868   1              {
 1869   2                  mtCOVERAGE_TEST_MARKER();
 1870   2              }
 1871   1          }
 1872          
 1873          #endif /* INCLUDE_vTaskSuspend */
 1874          
 1875          /*-----------------------------------------------------------*/
 1876          
 1877          #if ( ( INCLUDE_xTaskResumeFromISR == 1 ) && ( INCLUDE_vTaskSuspend == 1 ) )
 1878          
 1879              BaseType_t xTaskResumeFromISR( TaskHandle_t xTaskToResume )
 1880              {
 1881   1              BaseType_t xYieldRequired = pdFALSE;
 1882   1              TCB_t * const pxTCB = xTaskToResume;
 1883   1              UBaseType_t uxSavedInterruptStatus;
 1884   1      
 1885   1              configASSERT( xTaskToResume );
 1886   1      
 1887   1              /* RTOS ports that support interrupt nesting have the concept of a
 1888   1               * maximum  system call (or maximum API call) interrupt priority.
 1889   1               * Interrupts that are  above the maximum system call priority are keep
 1890   1               * permanently enabled, even when the RTOS kernel is in a critical section,
 1891   1               * but cannot make any calls to FreeRTOS API functions.  If configASSERT()
 1892   1               * is defined in FreeRTOSConfig.h then
 1893   1               * portASSERT_IF_INTERRUPT_PRIORITY_INVALID() will result in an assertion
 1894   1               * failure if a FreeRTOS API function is called from an interrupt that has
 1895   1               * been assigned a priority above the configured maximum system call
 1896   1               * priority.  Only FreeRTOS functions that end in FromISR can be called
 1897   1               * from interrupts  that have been assigned a priority at or (logically)
 1898   1               * below the maximum system call interrupt priority.  FreeRTOS maintains a
 1899   1               * separate interrupt safe API to ensure interrupt entry is as fast and as
 1900   1               * simple as possible.  More information (albeit Cortex-M specific) is
 1901   1               * provided on the following link:
 1902   1               * https://www.FreeRTOS.org/RTOS-Cortex-M3-M4.html */
 1903   1              portASSERT_IF_INTERRUPT_PRIORITY_INVALID();
 1904   1      
 1905   1              uxSavedInterruptStatus = portSET_INTERRUPT_MASK_FROM_ISR();
 1906   1              {
 1907   2                  if( prvTaskIsTaskSuspended( pxTCB ) != pdFALSE )
 1908   2                  {
C251 COMPILER V5.60.0,  tasks                                                              03/12/25  17:09:37  PAGE 31  

 1909   3                      traceTASK_RESUME_FROM_ISR( pxTCB );
 1910   3      
 1911   3                      /* Check the ready lists can be accessed. */
 1912   3                      if( uxSchedulerSuspended == ( UBaseType_t ) pdFALSE )
 1913   3                      {
 1914   4                          /* Ready lists can be accessed so move the task from the
 1915   4                           * suspended list to the ready list directly. */
 1916   4                          if( pxTCB->uxPriority >= pxCurrentTCB->uxPriority )
 1917   4                          {
 1918   5                              xYieldRequired = pdTRUE;
 1919   5      
 1920   5                              /* Mark that a yield is pending in case the user is not
 1921   5                               * using the return value to initiate a context switch
 1922   5                               * from the ISR using portYIELD_FROM_ISR. */
 1923   5                              xYieldPending = pdTRUE;
 1924   5                          }
 1925   4                          else
 1926   4                          {
 1927   5                              mtCOVERAGE_TEST_MARKER();
 1928   5                          }
 1929   4      
 1930   4                          ( void ) uxListRemove( &( pxTCB->xStateListItem ) );
 1931   4                          prvAddTaskToReadyList( pxTCB );
 1932   4                      }
 1933   3                      else
 1934   3                      {
 1935   4                          /* The delayed or ready lists cannot be accessed so the task
 1936   4                           * is held in the pending ready list until the scheduler is
 1937   4                           * unsuspended. */
 1938   4                          vListInsertEnd( &( xPendingReadyList ), &( pxTCB->xEventListItem ) );
 1939   4                      }
 1940   3                  }
 1941   2                  else
 1942   2                  {
 1943   3                      mtCOVERAGE_TEST_MARKER();
 1944   3                  }
 1945   2              }
 1946   1              portCLEAR_INTERRUPT_MASK_FROM_ISR( uxSavedInterruptStatus );
 1947   1      
 1948   1              return xYieldRequired;
 1949   1          }
 1950          
 1951          #endif /* ( ( INCLUDE_xTaskResumeFromISR == 1 ) && ( INCLUDE_vTaskSuspend == 1 ) ) */
 1952          /*-----------------------------------------------------------*/
 1953          
 1954          void vTaskStartScheduler( void )
 1955          {
 1956   1          BaseType_t xReturn;
 1957   1      
 1958   1          /* Add the idle task at the lowest priority. */
 1959   1          #if ( configSUPPORT_STATIC_ALLOCATION == 1 )
                   {
                       StaticTask_t * pxIdleTaskTCBBuffer = NULL;
                       StackType_t * pxIdleTaskStackBuffer = NULL;
                       uint32_t ulIdleTaskStackSize;
               
                       /* The Idle task is created using user provided RAM - obtain the
                        * address of the RAM then create the idle task. */
                       vApplicationGetIdleTaskMemory( &pxIdleTaskTCBBuffer, &pxIdleTaskStackBuffer, &ulIdleTaskStackSize
             - );
                       xIdleTaskHandle = xTaskCreateStatic( prvIdleTask,
                                                            configIDLE_TASK_NAME,
                                                            ulIdleTaskStackSize,
                                                            ( void * ) NULL,       /*lint !e961.  The cast is not redund
             -ant for all compilers. */
                                                            portPRIVILEGE_BIT,     /* In effect ( tskIDLE_PRIORITY | por
C251 COMPILER V5.60.0,  tasks                                                              03/12/25  17:09:37  PAGE 32  

             -tPRIVILEGE_BIT ), but tskIDLE_PRIORITY is zero. */
                                                            pxIdleTaskStackBuffer,
                                                            pxIdleTaskTCBBuffer ); /*lint !e961 MISRA exception, justifi
             -ed as it is not a redundant explicit cast to all supported compilers. */
               
                       if( xIdleTaskHandle != NULL )
                       {
                           xReturn = pdPASS;
                       }
                       else
                       {
                           xReturn = pdFAIL;
                       }
                   }
                   #else /* if ( configSUPPORT_STATIC_ALLOCATION == 1 ) */
 1986   1          {
 1987   2              /* The Idle task is being created using dynamically allocated RAM. */
 1988   2              xReturn = xTaskCreate( prvIdleTask,
 1989   2                                     configIDLE_TASK_NAME,
 1990   2                                     configMINIMAL_STACK_SIZE,
 1991   2                                     ( void * ) NULL,
 1992   2                                     portPRIVILEGE_BIT,  /* In effect ( tskIDLE_PRIORITY | portPRIVILEGE_BIT ),
             - but tskIDLE_PRIORITY is zero. */
 1993   2                                     &xIdleTaskHandle ); /*lint !e961 MISRA exception, justified as it is not a
             - redundant explicit cast to all supported compilers. */
 1994   2          }
 1995   1          #endif /* configSUPPORT_STATIC_ALLOCATION */
 1996   1      
 1997   1          #if ( configUSE_TIMERS == 1 )
                   {
                       if( xReturn == pdPASS )
                       {
                           xReturn = xTimerCreateTimerTask();
                       }
                       else
                       {
                           mtCOVERAGE_TEST_MARKER();
                       }
                   }
                   #endif /* configUSE_TIMERS */
 2009   1      
 2010   1          if( xReturn == pdPASS )
 2011   1          {
 2012   2              /* freertos_tasks_c_additions_init() should only be called if the user
 2013   2               * definable macro FREERTOS_TASKS_C_ADDITIONS_INIT() is defined, as that is
 2014   2               * the only macro called by the function. */
 2015   2              #ifdef FREERTOS_TASKS_C_ADDITIONS_INIT
                       {
                           freertos_tasks_c_additions_init();
                       }
                       #endif
 2020   2      
 2021   2              /* Interrupts are turned off here, to ensure a tick does not occur
 2022   2               * before or during the call to xPortStartScheduler().  The stacks of
 2023   2               * the created tasks contain a status word with interrupts switched on
 2024   2               * so interrupts will automatically get re-enabled when the first task
 2025   2               * starts to run. */
 2026   2              portDISABLE_INTERRUPTS();
 2027   2      
 2028   2              #if ( ( configUSE_NEWLIB_REENTRANT == 1 ) || ( configUSE_C_RUNTIME_TLS_SUPPORT == 1 ) )
                       {
                           /* Switch C-Runtime's TLS Block to point to the TLS
                            * block specific to the task that will run first. */
                           configSET_TLS_BLOCK( pxCurrentTCB->xTLSBlock );
                       }
                       #endif
C251 COMPILER V5.60.0,  tasks                                                              03/12/25  17:09:37  PAGE 33  

 2035   2      
 2036   2              xNextTaskUnblockTime = portMAX_DELAY;
 2037   2              xSchedulerRunning = pdTRUE;
 2038   2              xTickCount = ( TickType_t ) configINITIAL_TICK_COUNT;
 2039   2      
 2040   2              /* If configGENERATE_RUN_TIME_STATS is defined then the following
 2041   2               * macro must be defined to configure the timer/counter used to generate
 2042   2               * the run time counter time base.   NOTE:  If configGENERATE_RUN_TIME_STATS
 2043   2               * is set to 0 and the following line fails to build then ensure you do not
 2044   2               * have portCONFIGURE_TIMER_FOR_RUN_TIME_STATS() defined in your
 2045   2               * FreeRTOSConfig.h file. */
 2046   2              portCONFIGURE_TIMER_FOR_RUN_TIME_STATS();
 2047   2      
 2048   2              traceTASK_SWITCHED_IN();
 2049   2      
 2050   2              /* Setting up the timer tick is hardware specific and thus in the
 2051   2               * portable interface. */
 2052   2              xPortStartScheduler();
 2053   2      
 2054   2              /* In most cases, xPortStartScheduler() will not return. If it
 2055   2               * returns pdTRUE then there was not enough heap memory available
 2056   2               * to create either the Idle or the Timer task. If it returned
 2057   2               * pdFALSE, then the application called xTaskEndScheduler().
 2058   2               * Most ports don't implement xTaskEndScheduler() as there is
 2059   2               * nothing to return to. */
 2060   2          }
 2061   1          else
 2062   1          {
 2063   2              /* This line will only be reached if the kernel could not be started,
 2064   2               * because there was not enough FreeRTOS heap to create the idle task
 2065   2               * or the timer task. */
 2066   2              configASSERT( xReturn != errCOULD_NOT_ALLOCATE_REQUIRED_MEMORY );
 2067   2          }
 2068   1      
 2069   1          /* Prevent compiler warnings if INCLUDE_xTaskGetIdleTaskHandle is set to 0,
 2070   1           * meaning xIdleTaskHandle is not used anywhere else. */
 2071   1          if (xIdleTaskHandle);//( void ) xIdleTaskHandle;
 2072   1      
 2073   1          /* OpenOCD makes use of uxTopUsedPriority for thread debugging. Prevent uxTopUsedPriority
 2074   1           * from getting optimized out as it is no longer used by the kernel. */
 2075   1          if (uxTopUsedPriority);//( void ) uxTopUsedPriority;
 2076   1      }
 2077          /*-----------------------------------------------------------*/
 2078          
 2079          void vTaskEndScheduler( void )
 2080          {
 2081   1          /* Stop the scheduler interrupts and call the portable scheduler end
 2082   1           * routine so the original ISRs can be restored if necessary.  The port
 2083   1           * layer must ensure interrupts enable  bit is left in the correct state. */
 2084   1          portDISABLE_INTERRUPTS();
 2085   1          xSchedulerRunning = pdFALSE;
 2086   1          vPortEndScheduler();
 2087   1      }
 2088          /*----------------------------------------------------------*/
 2089          
 2090          void vTaskSuspendAll( void )
 2091          {
 2092   1          /* A critical section is not required as the variable is of type
 2093   1           * BaseType_t.  Please read Richard Barry's reply in the following link to a
 2094   1           * post in the FreeRTOS support forum before reporting this as a bug! -
 2095   1           * https://goo.gl/wu4acr */
 2096   1      
 2097   1          /* portSOFTWARE_BARRIER() is only implemented for emulated/simulated ports that
 2098   1           * do not otherwise exhibit real time behaviour. */
 2099   1          portSOFTWARE_BARRIER();
 2100   1      
C251 COMPILER V5.60.0,  tasks                                                              03/12/25  17:09:37  PAGE 34  

 2101   1          /* The scheduler is suspended if uxSchedulerSuspended is non-zero.  An increment
 2102   1           * is used to allow calls to vTaskSuspendAll() to nest. */
 2103   1          ++uxSchedulerSuspended;
 2104   1      
 2105   1          /* Enforces ordering for ports and optimised compilers that may otherwise place
 2106   1           * the above increment elsewhere. */
 2107   1          portMEMORY_BARRIER();
 2108   1      }
 2109          /*----------------------------------------------------------*/
 2110          
 2111          #if ( configUSE_TICKLESS_IDLE != 0 )
               
                   static TickType_t prvGetExpectedIdleTime( void )
                   {
                       TickType_t xReturn;
                       UBaseType_t uxHigherPriorityReadyTasks = pdFALSE;
               
                       /* uxHigherPriorityReadyTasks takes care of the case where
                        * configUSE_PREEMPTION is 0, so there may be tasks above the idle priority
                        * task that are in the Ready state, even though the idle task is
                        * running. */
                       #if ( configUSE_PORT_OPTIMISED_TASK_SELECTION == 0 )
                       {
                           if( uxTopReadyPriority > tskIDLE_PRIORITY )
                           {
                               uxHigherPriorityReadyTasks = pdTRUE;
                           }
                       }
                       #else
                       {
                           const UBaseType_t uxLeastSignificantBit = ( UBaseType_t ) 0x01;
               
                           /* When port optimised task selection is used the uxTopReadyPriority
                            * variable is used as a bit map.  If bits other than the least
                            * significant bit are set then there are tasks that have a priority
                            * above the idle priority that are in the Ready state.  This takes
                            * care of the case where the co-operative scheduler is in use. */
                           if( uxTopReadyPriority > uxLeastSignificantBit )
                           {
                               uxHigherPriorityReadyTasks = pdTRUE;
                           }
                       }
                       #endif /* if ( configUSE_PORT_OPTIMISED_TASK_SELECTION == 0 ) */
               
                       if( pxCurrentTCB->uxPriority > tskIDLE_PRIORITY )
                       {
                           xReturn = 0;
                       }
                       else if( listCURRENT_LIST_LENGTH( &( pxReadyTasksLists[ tskIDLE_PRIORITY ] ) ) > 1 )
                       {
                           /* There are other idle priority tasks in the ready state.  If
                            * time slicing is used then the very next tick interrupt must be
                            * processed. */
                           xReturn = 0;
                       }
                       else if( uxHigherPriorityReadyTasks != pdFALSE )
                       {
                           /* There are tasks in the Ready state that have a priority above the
                            * idle priority.  This path can only be reached if
                            * configUSE_PREEMPTION is 0. */
                           xReturn = 0;
                       }
                       else
                       {
                           xReturn = xNextTaskUnblockTime - xTickCount;
                       }
C251 COMPILER V5.60.0,  tasks                                                              03/12/25  17:09:37  PAGE 35  

               
                       return xReturn;
                   }
               
               #endif /* configUSE_TICKLESS_IDLE */
 2172          /*----------------------------------------------------------*/
 2173          
 2174          BaseType_t xTaskResumeAll( void )
 2175          {
 2176   1          TCB_t * pxTCB = NULL;
 2177   1          BaseType_t xAlreadyYielded = pdFALSE;
 2178   1      
 2179   1          /* If uxSchedulerSuspended is zero then this function does not match a
 2180   1           * previous call to vTaskSuspendAll(). */
 2181   1          configASSERT( uxSchedulerSuspended );
 2182   1      
 2183   1          /* It is possible that an ISR caused a task to be removed from an event
 2184   1           * list while the scheduler was suspended.  If this was the case then the
 2185   1           * removed task will have been added to the xPendingReadyList.  Once the
 2186   1           * scheduler has been resumed it is safe to move all the pending ready
 2187   1           * tasks from this list into their appropriate ready list. */
 2188   1          taskENTER_CRITICAL();
 2189   1          {
 2190   2              --uxSchedulerSuspended;
 2191   2      
 2192   2              if( uxSchedulerSuspended == ( UBaseType_t ) pdFALSE )
 2193   2              {
 2194   3                  if( uxCurrentNumberOfTasks > ( UBaseType_t ) 0U )
 2195   3                  {
 2196   4                      /* Move any readied tasks from the pending list into the
 2197   4                       * appropriate ready list. */
 2198   4                      while( listLIST_IS_EMPTY( &xPendingReadyList ) == pdFALSE )
 2199   4                      {
 2200   5                          pxTCB = listGET_OWNER_OF_HEAD_ENTRY( ( &xPendingReadyList ) ); /*lint !e9079 void * i
             -s used as this macro is used with timers and co-routines too.  Alignment is known to be fine as the type of the pointer 
             -stored and retrieved is the same. */
 2201   5                          listREMOVE_ITEM( &( pxTCB->xEventListItem ) );
 2202   5                          portMEMORY_BARRIER();
 2203   5                          listREMOVE_ITEM( &( pxTCB->xStateListItem ) );
 2204   5                          prvAddTaskToReadyList( pxTCB );
 2205   5      
 2206   5                          /* If the moved task has a priority higher than or equal to
 2207   5                           * the current task then a yield must be performed. */
 2208   5                          if( pxTCB->uxPriority >= pxCurrentTCB->uxPriority )
 2209   5                          {
 2210   6                              xYieldPending = pdTRUE;
 2211   6                          }
 2212   5                          else
 2213   5                          {
 2214   6                              mtCOVERAGE_TEST_MARKER();
 2215   6                          }
 2216   5                      }
 2217   4      
 2218   4                      if( pxTCB != NULL )
 2219   4                      {
 2220   5                          /* A task was unblocked while the scheduler was suspended,
 2221   5                           * which may have prevented the next unblock time from being
 2222   5                           * re-calculated, in which case re-calculate it now.  Mainly
 2223   5                           * important for low power tickless implementations, where
 2224   5                           * this can prevent an unnecessary exit from low power
 2225   5                           * state. */
 2226   5                          prvResetNextTaskUnblockTime();
 2227   5                      }
 2228   4      
 2229   4                      /* If any ticks occurred while the scheduler was suspended then
 2230   4                       * they should be processed now.  This ensures the tick count does
C251 COMPILER V5.60.0,  tasks                                                              03/12/25  17:09:37  PAGE 36  

 2231   4                       * not  slip, and that any delayed tasks are resumed at the correct
 2232   4                       * time. */
 2233   4                      {
 2234   5                          TickType_t xPendedCounts = xPendedTicks; /* Non-volatile copy. */
 2235   5      
 2236   5                          if( xPendedCounts > ( TickType_t ) 0U )
 2237   5                          {
 2238   6                              do
 2239   6                              {
 2240   7                                  if( xTaskIncrementTick() != pdFALSE )
 2241   7                                  {
 2242   8                                      xYieldPending = pdTRUE;
 2243   8                                  }
 2244   7                                  else
 2245   7                                  {
 2246   8                                      mtCOVERAGE_TEST_MARKER();
 2247   8                                  }
 2248   7      
 2249   7                                  --xPendedCounts;
 2250   7                              } while( xPendedCounts > ( TickType_t ) 0U );
 2251   6      
 2252   6                              xPendedTicks = 0;
 2253   6                          }
 2254   5                          else
 2255   5                          {
 2256   6                              mtCOVERAGE_TEST_MARKER();
 2257   6                          }
 2258   5                      }
 2259   4      
 2260   4                      if( xYieldPending != pdFALSE )
 2261   4                      {
 2262   5                          #if ( configUSE_PREEMPTION != 0 )
 2263   5                          {
 2264   6                              xAlreadyYielded = pdTRUE;
 2265   6                          }
 2266   5                          #endif
 2267   5                          taskYIELD_IF_USING_PREEMPTION();
 2268   5                      }
 2269   4                      else
 2270   4                      {
 2271   5                          mtCOVERAGE_TEST_MARKER();
 2272   5                      }
 2273   4                  }
 2274   3              }
 2275   2              else
 2276   2              {
 2277   3                  mtCOVERAGE_TEST_MARKER();
 2278   3              }
 2279   2          }
 2280   1          taskEXIT_CRITICAL();
 2281   1      
 2282   1          return xAlreadyYielded;
 2283   1      }
 2284          /*-----------------------------------------------------------*/
 2285          
 2286          TickType_t xTaskGetTickCount( void )
 2287          {
 2288   1          TickType_t xTicks;
 2289   1      
 2290   1          /* Critical section required if running on a 16 bit processor. */
 2291   1          portTICK_TYPE_ENTER_CRITICAL();
 2292   1          {
 2293   2              xTicks = xTickCount;
 2294   2          }
 2295   1          portTICK_TYPE_EXIT_CRITICAL();
 2296   1      
C251 COMPILER V5.60.0,  tasks                                                              03/12/25  17:09:37  PAGE 37  

 2297   1          return xTicks;
 2298   1      }
 2299          /*-----------------------------------------------------------*/
 2300          
 2301          TickType_t xTaskGetTickCountFromISR( void )
 2302          {
 2303   1          TickType_t xReturn;
 2304   1          UBaseType_t uxSavedInterruptStatus;
 2305   1      
 2306   1          /* RTOS ports that support interrupt nesting have the concept of a maximum
 2307   1           * system call (or maximum API call) interrupt priority.  Interrupts that are
 2308   1           * above the maximum system call priority are kept permanently enabled, even
 2309   1           * when the RTOS kernel is in a critical section, but cannot make any calls to
 2310   1           * FreeRTOS API functions.  If configASSERT() is defined in FreeRTOSConfig.h
 2311   1           * then portASSERT_IF_INTERRUPT_PRIORITY_INVALID() will result in an assertion
 2312   1           * failure if a FreeRTOS API function is called from an interrupt that has been
 2313   1           * assigned a priority above the configured maximum system call priority.
 2314   1           * Only FreeRTOS functions that end in FromISR can be called from interrupts
 2315   1           * that have been assigned a priority at or (logically) below the maximum
 2316   1           * system call  interrupt priority.  FreeRTOS maintains a separate interrupt
 2317   1           * safe API to ensure interrupt entry is as fast and as simple as possible.
 2318   1           * More information (albeit Cortex-M specific) is provided on the following
 2319   1           * link: https://www.FreeRTOS.org/RTOS-Cortex-M3-M4.html */
 2320   1          portASSERT_IF_INTERRUPT_PRIORITY_INVALID();
 2321   1      
 2322   1          uxSavedInterruptStatus = portTICK_TYPE_SET_INTERRUPT_MASK_FROM_ISR();
 2323   1          {
 2324   2              xReturn = xTickCount;
 2325   2          }
 2326   1          portTICK_TYPE_CLEAR_INTERRUPT_MASK_FROM_ISR( uxSavedInterruptStatus );
 2327   1      
 2328   1          return xReturn;
 2329   1      }
 2330          /*-----------------------------------------------------------*/
 2331          
 2332          UBaseType_t uxTaskGetNumberOfTasks( void )
 2333          {
 2334   1          /* A critical section is not required because the variables are of type
 2335   1           * BaseType_t. */
 2336   1          return uxCurrentNumberOfTasks;
 2337   1      }
 2338          /*-----------------------------------------------------------*/
 2339          
 2340          char * pcTaskGetName( TaskHandle_t xTaskToQuery ) /*lint !e971 Unqualified char types are allowed for str
             -ings and single characters only. */
 2341          {
 2342   1          TCB_t * pxTCB;
 2343   1      
 2344   1          /* If null is passed in here then the name of the calling task is being
 2345   1           * queried. */
 2346   1          pxTCB = prvGetTCBFromHandle( xTaskToQuery );
 2347   1          configASSERT( pxTCB );
 2348   1          return &( pxTCB->pcTaskName[ 0 ] );
 2349   1      }
 2350          /*-----------------------------------------------------------*/
 2351          
 2352          #if ( INCLUDE_xTaskGetHandle == 1 )
               
                   static TCB_t * prvSearchForNameWithinSingleList( List_t * pxList,
                                                                    const char pcNameToQuery[] )
                   {
                       TCB_t * pxNextTCB;
                       TCB_t * pxFirstTCB;
                       TCB_t * pxReturn = NULL;
                       UBaseType_t x;
                       char cNextChar;
C251 COMPILER V5.60.0,  tasks                                                              03/12/25  17:09:37  PAGE 38  

                       BaseType_t xBreakLoop;
               
                       /* This function is called with the scheduler suspended. */
               
                       if( listCURRENT_LIST_LENGTH( pxList ) > ( UBaseType_t ) 0 )
                       {
                           listGET_OWNER_OF_NEXT_ENTRY( pxFirstTCB, pxList ); /*lint !e9079 void * is used as this macro
             - is used with timers and co-routines too.  Alignment is known to be fine as the type of the pointer stored and retrieved
             - is the same. */
               
                           do
                           {
                               listGET_OWNER_OF_NEXT_ENTRY( pxNextTCB, pxList ); /*lint !e9079 void * is used as this ma
             -cro is used with timers and co-routines too.  Alignment is known to be fine as the type of the pointer stored and retrie
             -ved is the same. */
               
                               /* Check each character in the name looking for a match or
                                * mismatch. */
                               xBreakLoop = pdFALSE;
               
                               for( x = ( UBaseType_t ) 0; x < ( UBaseType_t ) configMAX_TASK_NAME_LEN; x++ )
                               {
                                   cNextChar = pxNextTCB->pcTaskName[ x ];
               
                                   if( cNextChar != pcNameToQuery[ x ] )
                                   {
                                       /* Characters didn't match. */
                                       xBreakLoop = pdTRUE;
                                   }
                                   else if( cNextChar == ( char ) 0x00 )
                                   {
                                       /* Both strings terminated, a match must have been
                                        * found. */
                                       pxReturn = pxNextTCB;
                                       xBreakLoop = pdTRUE;
                                   }
                                   else
                                   {
                                       mtCOVERAGE_TEST_MARKER();
                                   }
               
                                   if( xBreakLoop != pdFALSE )
                                   {
                                       break;
                                   }
                               }
               
                               if( pxReturn != NULL )
                               {
                                   /* The handle has been found. */
                                   break;
                               }
                           } while( pxNextTCB != pxFirstTCB );
                       }
                       else
                       {
                           mtCOVERAGE_TEST_MARKER();
                       }
               
                       return pxReturn;
                   }
               
               #endif /* INCLUDE_xTaskGetHandle */
 2421          /*-----------------------------------------------------------*/
 2422          
 2423          #if ( INCLUDE_xTaskGetHandle == 1 )
C251 COMPILER V5.60.0,  tasks                                                              03/12/25  17:09:37  PAGE 39  

               
                   TaskHandle_t xTaskGetHandle( const char * pcNameToQuery ) /*lint !e971 Unqualified char types are all
             -owed for strings and single characters only. */
                   {
                       UBaseType_t uxQueue = configMAX_PRIORITIES;
                       TCB_t * pxTCB;
               
                       /* Task names will be truncated to configMAX_TASK_NAME_LEN - 1 bytes. */
                       configASSERT( strlen( pcNameToQuery ) < configMAX_TASK_NAME_LEN );
               
                       vTaskSuspendAll();
                       {
                           /* Search the ready lists. */
                           do
                           {
                               uxQueue--;
                               pxTCB = prvSearchForNameWithinSingleList( ( List_t * ) &( pxReadyTasksLists[ uxQueue ] ),
             - pcNameToQuery );
               
                               if( pxTCB != NULL )
                               {
                                   /* Found the handle. */
                                   break;
                               }
                           } while( uxQueue > ( UBaseType_t ) tskIDLE_PRIORITY ); /*lint !e961 MISRA exception as the ca
             -sts are only redundant for some ports. */
               
                           /* Search the delayed lists. */
                           if( pxTCB == NULL )
                           {
                               pxTCB = prvSearchForNameWithinSingleList( ( List_t * ) pxDelayedTaskList, pcNameToQuery )
             -;
                           }
               
                           if( pxTCB == NULL )
                           {
                               pxTCB = prvSearchForNameWithinSingleList( ( List_t * ) pxOverflowDelayedTaskList, pcNameT
             -oQuery );
                           }
               
                           #if ( INCLUDE_vTaskSuspend == 1 )
                           {
                               if( pxTCB == NULL )
                               {
                                   /* Search the suspended list. */
                                   pxTCB = prvSearchForNameWithinSingleList( &xSuspendedTaskList, pcNameToQuery );
                               }
                           }
                           #endif
               
                           #if ( INCLUDE_vTaskDelete == 1 )
                           {
                               if( pxTCB == NULL )
                               {
                                   /* Search the deleted list. */
                                   pxTCB = prvSearchForNameWithinSingleList( &xTasksWaitingTermination, pcNameToQuery );
                               }
                           }
                           #endif
                       }
                       ( void ) xTaskResumeAll();
               
                       return pxTCB;
                   }
               
               #endif /* INCLUDE_xTaskGetHandle */
C251 COMPILER V5.60.0,  tasks                                                              03/12/25  17:09:37  PAGE 40  

 2485          /*-----------------------------------------------------------*/
 2486          
 2487          #if ( configUSE_TRACE_FACILITY == 1 )
 2488          
 2489              UBaseType_t uxTaskGetSystemState( TaskStatus_t * const pxTaskStatusArray,
 2490                                                const UBaseType_t uxArraySize,
 2491                                                configRUN_TIME_COUNTER_TYPE * const pulTotalRunTime )
 2492              {
 2493   1              UBaseType_t uxTask = 0, uxQueue = configMAX_PRIORITIES;
 2494   1      
 2495   1              vTaskSuspendAll();
 2496   1              {
 2497   2                  /* Is there a space in the array for each task in the system? */
 2498   2                  if( uxArraySize >= uxCurrentNumberOfTasks )
 2499   2                  {
 2500   3                      /* Fill in an TaskStatus_t structure with information on each
 2501   3                       * task in the Ready state. */
 2502   3                      do
 2503   3                      {
 2504   4                          uxQueue--;
 2505   4                          uxTask += prvListTasksWithinSingleList( &( pxTaskStatusArray[ uxTask ] ), &( pxReadyT
             -asksLists[ uxQueue ] ), eReady );
 2506   4                      } while( uxQueue > ( UBaseType_t ) tskIDLE_PRIORITY ); /*lint !e961 MISRA exception as th
             -e casts are only redundant for some ports. */
 2507   3      
 2508   3                      /* Fill in an TaskStatus_t structure with information on each
 2509   3                       * task in the Blocked state. */
 2510   3                      uxTask += prvListTasksWithinSingleList( &( pxTaskStatusArray[ uxTask ] ), ( List_t * ) px
             -DelayedTaskList, eBlocked );
 2511   3                      uxTask += prvListTasksWithinSingleList( &( pxTaskStatusArray[ uxTask ] ), ( List_t * ) px
             -OverflowDelayedTaskList, eBlocked );
 2512   3      
 2513   3                      #if ( INCLUDE_vTaskDelete == 1 )
 2514   3                      {
 2515   4                          /* Fill in an TaskStatus_t structure with information on
 2516   4                           * each task that has been deleted but not yet cleaned up. */
 2517   4                          uxTask += prvListTasksWithinSingleList( &( pxTaskStatusArray[ uxTask ] ), &xTasksWait
             -ingTermination, eDeleted );
 2518   4                      }
 2519   3                      #endif
 2520   3      
 2521   3                      #if ( INCLUDE_vTaskSuspend == 1 )
 2522   3                      {
 2523   4                          /* Fill in an TaskStatus_t structure with information on
 2524   4                           * each task in the Suspended state. */
 2525   4                          uxTask += prvListTasksWithinSingleList( &( pxTaskStatusArray[ uxTask ] ), &xSuspended
             -TaskList, eSuspended );
 2526   4                      }
 2527   3                      #endif
 2528   3      
 2529   3                      #if ( configGENERATE_RUN_TIME_STATS == 1 )
 2530   3                      {
 2531   4                          if( pulTotalRunTime != NULL )
 2532   4                          {
 2533   5                              #ifdef portALT_GET_RUN_TIME_COUNTER_VALUE
                                           portALT_GET_RUN_TIME_COUNTER_VALUE( ( *pulTotalRunTime ) );
                                       #else
 2536   5                                  *pulTotalRunTime = portGET_RUN_TIME_COUNTER_VALUE();
 2537   5                              #endif
 2538   5                          }
 2539   4                      }
 2540   3                      #else /* if ( configGENERATE_RUN_TIME_STATS == 1 ) */
                               {
                                   if( pulTotalRunTime != NULL )
                                   {
                                       *pulTotalRunTime = 0;
C251 COMPILER V5.60.0,  tasks                                                              03/12/25  17:09:37  PAGE 41  

                                   }
                               }
                               #endif /* if ( configGENERATE_RUN_TIME_STATS == 1 ) */
 2548   3                  }
 2549   2                  else
 2550   2                  {
 2551   3                      mtCOVERAGE_TEST_MARKER();
 2552   3                  }
 2553   2              }
 2554   1              ( void ) xTaskResumeAll();
 2555   1      
 2556   1              return uxTask;
 2557   1          }
 2558          
 2559          #endif /* configUSE_TRACE_FACILITY */
 2560          /*----------------------------------------------------------*/
 2561          
 2562          #if ( INCLUDE_xTaskGetIdleTaskHandle == 1 )
               
                   TaskHandle_t xTaskGetIdleTaskHandle( void )
                   {
                       /* If xTaskGetIdleTaskHandle() is called before the scheduler has been
                        * started, then xIdleTaskHandle will be NULL. */
                       configASSERT( ( xIdleTaskHandle != NULL ) );
                       return xIdleTaskHandle;
                   }
               
               #endif /* INCLUDE_xTaskGetIdleTaskHandle */
 2573          /*----------------------------------------------------------*/
 2574          
 2575          /* This conditional compilation should use inequality to 0, not equality to 1.
 2576           * This is to ensure vTaskStepTick() is available when user defined low power mode
 2577           * implementations require configUSE_TICKLESS_IDLE to be set to a value other than
 2578           * 1. */
 2579          #if ( configUSE_TICKLESS_IDLE != 0 )
               
                   void vTaskStepTick( TickType_t xTicksToJump )
                   {
                       /* Correct the tick count value after a period during which the tick
                        * was suppressed.  Note this does *not* call the tick hook function for
                        * each stepped tick. */
                       configASSERT( ( xTickCount + xTicksToJump ) <= xNextTaskUnblockTime );
               
                       if( ( xTickCount + xTicksToJump ) == xNextTaskUnblockTime )
                       {
                           /* Arrange for xTickCount to reach xNextTaskUnblockTime in
                            * xTaskIncrementTick() when the scheduler resumes.  This ensures
                            * that any delayed tasks are resumed at the correct time. */
                           configASSERT( uxSchedulerSuspended );
                           configASSERT( xTicksToJump != ( TickType_t ) 0 );
               
                           /* Prevent the tick interrupt modifying xPendedTicks simultaneously. */
                           taskENTER_CRITICAL();
                           {
                               xPendedTicks++;
                           }
                           taskEXIT_CRITICAL();
                           xTicksToJump--;
                       }
                       else
                       {
                           mtCOVERAGE_TEST_MARKER();
                       }
               
                       xTickCount += xTicksToJump;
                       traceINCREASE_TICK_COUNT( xTicksToJump );
C251 COMPILER V5.60.0,  tasks                                                              03/12/25  17:09:37  PAGE 42  

                   }
               
               #endif /* configUSE_TICKLESS_IDLE */
 2614          /*----------------------------------------------------------*/
 2615          
 2616          BaseType_t xTaskCatchUpTicks( TickType_t xTicksToCatchUp )
 2617          {
 2618   1          BaseType_t xYieldOccurred;
 2619   1      
 2620   1          /* Must not be called with the scheduler suspended as the implementation
 2621   1           * relies on xPendedTicks being wound down to 0 in xTaskResumeAll(). */
 2622   1          configASSERT( uxSchedulerSuspended == 0 );
 2623   1      
 2624   1          /* Use xPendedTicks to mimic xTicksToCatchUp number of ticks occurring when
 2625   1           * the scheduler is suspended so the ticks are executed in xTaskResumeAll(). */
 2626   1          vTaskSuspendAll();
 2627   1      
 2628   1          /* Prevent the tick interrupt modifying xPendedTicks simultaneously. */
 2629   1          taskENTER_CRITICAL();
 2630   1          {
 2631   2              xPendedTicks += xTicksToCatchUp;
 2632   2          }
 2633   1          taskEXIT_CRITICAL();
 2634   1          xYieldOccurred = xTaskResumeAll();
 2635   1      
 2636   1          return xYieldOccurred;
 2637   1      }
 2638          /*----------------------------------------------------------*/
 2639          
 2640          #if ( INCLUDE_xTaskAbortDelay == 1 )
               
                   BaseType_t xTaskAbortDelay( TaskHandle_t xTask )
                   {
                       TCB_t * pxTCB = xTask;
                       BaseType_t xReturn;
               
                       configASSERT( pxTCB );
               
                       vTaskSuspendAll();
                       {
                           /* A task can only be prematurely removed from the Blocked state if
                            * it is actually in the Blocked state. */
                           if( eTaskGetState( xTask ) == eBlocked )
                           {
                               xReturn = pdPASS;
               
                               /* Remove the reference to the task from the blocked list.  An
                                * interrupt won't touch the xStateListItem because the
                                * scheduler is suspended. */
                               ( void ) uxListRemove( &( pxTCB->xStateListItem ) );
               
                               /* Is the task waiting on an event also?  If so remove it from
                                * the event list too.  Interrupts can touch the event list item,
                                * even though the scheduler is suspended, so a critical section
                                * is used. */
                               taskENTER_CRITICAL();
                               {
                                   if( listLIST_ITEM_CONTAINER( &( pxTCB->xEventListItem ) ) != NULL )
                                   {
                                       ( void ) uxListRemove( &( pxTCB->xEventListItem ) );
               
                                       /* This lets the task know it was forcibly removed from the
                                        * blocked state so it should not re-evaluate its block time and
                                        * then block again. */
                                       pxTCB->ucDelayAborted = pdTRUE;
                                   }
C251 COMPILER V5.60.0,  tasks                                                              03/12/25  17:09:37  PAGE 43  

                                   else
                                   {
                                       mtCOVERAGE_TEST_MARKER();
                                   }
                               }
                               taskEXIT_CRITICAL();
               
                               /* Place the unblocked task into the appropriate ready list. */
                               prvAddTaskToReadyList( pxTCB );
               
                               /* A task being unblocked cannot cause an immediate context
                                * switch if preemption is turned off. */
                               #if ( configUSE_PREEMPTION == 1 )
                               {
                                   /* Preemption is on, but a context switch should only be
                                    * performed if the unblocked task has a priority that is
                                    * higher than the currently executing task. */
                                   if( pxTCB->uxPriority > pxCurrentTCB->uxPriority )
                                   {
                                       /* Pend the yield to be performed when the scheduler
                                        * is unsuspended. */
                                       xYieldPending = pdTRUE;
                                   }
                                   else
                                   {
                                       mtCOVERAGE_TEST_MARKER();
                                   }
                               }
                               #endif /* configUSE_PREEMPTION */
                           }
                           else
                           {
                               xReturn = pdFAIL;
                           }
                       }
                       ( void ) xTaskResumeAll();
               
                       return xReturn;
                   }
               
               #endif /* INCLUDE_xTaskAbortDelay */
 2718          /*----------------------------------------------------------*/
 2719          
 2720          BaseType_t xTaskIncrementTick( void )
 2721          {
 2722   1          TCB_t * pxTCB;
 2723   1          TickType_t xItemValue;
 2724   1          BaseType_t xSwitchRequired = pdFALSE;
 2725   1      
 2726   1          /* Called by the portable layer each time a tick interrupt occurs.
 2727   1           * Increments the tick then checks to see if the new tick value will cause any
 2728   1           * tasks to be unblocked. */
 2729   1          traceTASK_INCREMENT_TICK( xTickCount );
 2730   1      
 2731   1          if( uxSchedulerSuspended == ( UBaseType_t ) pdFALSE )
 2732   1          {
 2733   2              /* Minor optimisation.  The tick count cannot change in this
 2734   2               * block. */
 2735   2              const TickType_t xConstTickCount = xTickCount + ( TickType_t ) 1;
 2736   2      
 2737   2              /* Increment the RTOS tick, switching the delayed and overflowed
 2738   2               * delayed lists if it wraps to 0. */
 2739   2              xTickCount = xConstTickCount;
 2740   2      
 2741   2              if( xConstTickCount == ( TickType_t ) 0U ) /*lint !e774 'if' does not always evaluate to false as
             - it is looking for an overflow. */
C251 COMPILER V5.60.0,  tasks                                                              03/12/25  17:09:37  PAGE 44  

 2742   2              {
 2743   3                  taskSWITCH_DELAYED_LISTS();
 2744   3              }
 2745   2              else
 2746   2              {
 2747   3                  mtCOVERAGE_TEST_MARKER();
 2748   3              }
 2749   2      
 2750   2              /* See if this tick has made a timeout expire.  Tasks are stored in
 2751   2               * the  queue in the order of their wake time - meaning once one task
 2752   2               * has been found whose block time has not expired there is no need to
 2753   2               * look any further down the list. */
 2754   2              if( xConstTickCount >= xNextTaskUnblockTime )
 2755   2              {
 2756   3                  for( ; ; )
 2757   3                  {
 2758   4                      if( listLIST_IS_EMPTY( pxDelayedTaskList ) != pdFALSE )
 2759   4                      {
 2760   5                          /* The delayed list is empty.  Set xNextTaskUnblockTime
 2761   5                           * to the maximum possible value so it is extremely
 2762   5                           * unlikely that the
 2763   5                           * if( xTickCount >= xNextTaskUnblockTime ) test will pass
 2764   5                           * next time through. */
 2765   5                          xNextTaskUnblockTime = portMAX_DELAY; /*lint !e961 MISRA exception as the casts are o
             -nly redundant for some ports. */
 2766   5                          break;
 2767   5                      }
 2768   4                      else
 2769   4                      {
 2770   5                          /* The delayed list is not empty, get the value of the
 2771   5                           * item at the head of the delayed list.  This is the time
 2772   5                           * at which the task at the head of the delayed list must
 2773   5                           * be removed from the Blocked state. */
 2774   5                          pxTCB = listGET_OWNER_OF_HEAD_ENTRY( pxDelayedTaskList ); /*lint !e9079 void * is use
             -d as this macro is used with timers and co-routines too.  Alignment is known to be fine as the type of the pointer store
             -d and retrieved is the same. */
 2775   5                          xItemValue = listGET_LIST_ITEM_VALUE( &( pxTCB->xStateListItem ) );
 2776   5      
 2777   5                          if( xConstTickCount < xItemValue )
 2778   5                          {
 2779   6                              /* It is not time to unblock this item yet, but the
 2780   6                               * item value is the time at which the task at the head
 2781   6                               * of the blocked list must be removed from the Blocked
 2782   6                               * state -  so record the item value in
 2783   6                               * xNextTaskUnblockTime. */
 2784   6                              xNextTaskUnblockTime = xItemValue;
 2785   6                              break; /*lint !e9011 Code structure here is deemed easier to understand with mult
             -iple breaks. */
 2786   6                          }
 2787   5                          else
 2788   5                          {
 2789   6                              mtCOVERAGE_TEST_MARKER();
 2790   6                          }
 2791   5      
 2792   5                          /* It is time to remove the item from the Blocked state. */
 2793   5                          listREMOVE_ITEM( &( pxTCB->xStateListItem ) );
 2794   5      
 2795   5                          /* Is the task waiting on an event also?  If so remove
 2796   5                           * it from the event list. */
 2797   5                          if( listLIST_ITEM_CONTAINER( &( pxTCB->xEventListItem ) ) != NULL )
 2798   5                          {
 2799   6                              listREMOVE_ITEM( &( pxTCB->xEventListItem ) );
 2800   6                          }
 2801   5                          else
 2802   5                          {
 2803   6                              mtCOVERAGE_TEST_MARKER();
C251 COMPILER V5.60.0,  tasks                                                              03/12/25  17:09:37  PAGE 45  

 2804   6                          }
 2805   5      
 2806   5                          /* Place the unblocked task into the appropriate ready
 2807   5                           * list. */
 2808   5                          prvAddTaskToReadyList( pxTCB );
 2809   5      
 2810   5                          /* A task being unblocked cannot cause an immediate
 2811   5                           * context switch if preemption is turned off. */
 2812   5                          #if ( configUSE_PREEMPTION == 1 )
 2813   5                          {
 2814   6                              /* Preemption is on, but a context switch should
 2815   6                               * only be performed if the unblocked task's
 2816   6                               * priority is higher than the currently executing
 2817   6                               * task.
 2818   6                               * The case of equal priority tasks sharing
 2819   6                               * processing time (which happens when both
 2820   6                               * preemption and time slicing are on) is
 2821   6                               * handled below.*/
 2822   6                              if( pxTCB->uxPriority > pxCurrentTCB->uxPriority )
 2823   6                              {
 2824   7                                  xSwitchRequired = pdTRUE;
 2825   7                              }
 2826   6                              else
 2827   6                              {
 2828   7                                  mtCOVERAGE_TEST_MARKER();
 2829   7                              }
 2830   6                          }
 2831   5                          #endif /* configUSE_PREEMPTION */
 2832   5                      }
 2833   4                  }
 2834   3              }
 2835   2      
 2836   2              /* Tasks of equal priority to the currently running task will share
 2837   2               * processing time (time slice) if preemption is on, and the application
 2838   2               * writer has not explicitly turned time slicing off. */
 2839   2              #if ( ( configUSE_PREEMPTION == 1 ) && ( configUSE_TIME_SLICING == 1 ) )
 2840   2              {
 2841   3                  if( listCURRENT_LIST_LENGTH( &( pxReadyTasksLists[ pxCurrentTCB->uxPriority ] ) ) > ( UBaseTy
             -pe_t ) 1 )
 2842   3                  {
 2843   4                      xSwitchRequired = pdTRUE;
 2844   4                  }
 2845   3                  else
 2846   3                  {
 2847   4                      mtCOVERAGE_TEST_MARKER();
 2848   4                  }
 2849   3              }
 2850   2              #endif /* ( ( configUSE_PREEMPTION == 1 ) && ( configUSE_TIME_SLICING == 1 ) ) */
 2851   2      
 2852   2              #if ( configUSE_TICK_HOOK == 1 )
                       {
                           /* Guard against the tick hook being called when the pended tick
                            * count is being unwound (when the scheduler is being unlocked). */
                           if( xPendedTicks == ( TickType_t ) 0 )
                           {
                               vApplicationTickHook();
                           }
                           else
                           {
                               mtCOVERAGE_TEST_MARKER();
                           }
                       }
                       #endif /* configUSE_TICK_HOOK */
 2866   2      
 2867   2              #if ( configUSE_PREEMPTION == 1 )
 2868   2              {
C251 COMPILER V5.60.0,  tasks                                                              03/12/25  17:09:37  PAGE 46  

 2869   3                  if( xYieldPending != pdFALSE )
 2870   3                  {
 2871   4                      xSwitchRequired = pdTRUE;
 2872   4                  }
 2873   3                  else
 2874   3                  {
 2875   4                      mtCOVERAGE_TEST_MARKER();
 2876   4                  }
 2877   3              }
 2878   2              #endif /* configUSE_PREEMPTION */
 2879   2          }
 2880   1          else
 2881   1          {
 2882   2              ++xPendedTicks;
 2883   2      
 2884   2              /* The tick hook gets called at regular intervals, even if the
 2885   2               * scheduler is locked. */
 2886   2              #if ( configUSE_TICK_HOOK == 1 )
                       {
                           vApplicationTickHook();
                       }
                       #endif
 2891   2          }
 2892   1      
 2893   1          return xSwitchRequired;
 2894   1      }
 2895          /*-----------------------------------------------------------*/
 2896          
 2897          #if ( configUSE_APPLICATION_TASK_TAG == 1 )
               
                   void vTaskSetApplicationTaskTag( TaskHandle_t xTask,
                                                    TaskHookFunction_t pxHookFunction )
                   {
                       TCB_t * xTCB;
               
                       /* If xTask is NULL then it is the task hook of the calling task that is
                        * getting set. */
                       if( xTask == NULL )
                       {
                           xTCB = ( TCB_t * ) pxCurrentTCB;
                       }
                       else
                       {
                           xTCB = xTask;
                       }
               
                       /* Save the hook function in the TCB.  A critical section is required as
                        * the value can be accessed from an interrupt. */
                       taskENTER_CRITICAL();
                       {
                           xTCB->pxTaskTag = pxHookFunction;
                       }
                       taskEXIT_CRITICAL();
                   }
               
               #endif /* configUSE_APPLICATION_TASK_TAG */
 2925          /*-----------------------------------------------------------*/
 2926          
 2927          #if ( configUSE_APPLICATION_TASK_TAG == 1 )
               
                   TaskHookFunction_t xTaskGetApplicationTaskTag( TaskHandle_t xTask )
                   {
                       TCB_t * pxTCB;
                       TaskHookFunction_t xReturn;
               
                       /* If xTask is NULL then set the calling task's hook. */
C251 COMPILER V5.60.0,  tasks                                                              03/12/25  17:09:37  PAGE 47  

                       pxTCB = prvGetTCBFromHandle( xTask );
               
                       /* Save the hook function in the TCB.  A critical section is required as
                        * the value can be accessed from an interrupt. */
                       taskENTER_CRITICAL();
                       {
                           xReturn = pxTCB->pxTaskTag;
                       }
                       taskEXIT_CRITICAL();
               
                       return xReturn;
                   }
               
               #endif /* configUSE_APPLICATION_TASK_TAG */
 2949          /*-----------------------------------------------------------*/
 2950          
 2951          #if ( configUSE_APPLICATION_TASK_TAG == 1 )
               
                   TaskHookFunction_t xTaskGetApplicationTaskTagFromISR( TaskHandle_t xTask )
                   {
                       TCB_t * pxTCB;
                       TaskHookFunction_t xReturn;
                       UBaseType_t uxSavedInterruptStatus;
               
                       /* If xTask is NULL then set the calling task's hook. */
                       pxTCB = prvGetTCBFromHandle( xTask );
               
                       /* Save the hook function in the TCB.  A critical section is required as
                        * the value can be accessed from an interrupt. */
                       uxSavedInterruptStatus = portSET_INTERRUPT_MASK_FROM_ISR();
                       {
                           xReturn = pxTCB->pxTaskTag;
                       }
                       portCLEAR_INTERRUPT_MASK_FROM_ISR( uxSavedInterruptStatus );
               
                       return xReturn;
                   }
               
               #endif /* configUSE_APPLICATION_TASK_TAG */
 2974          /*-----------------------------------------------------------*/
 2975          
 2976          #if ( configUSE_APPLICATION_TASK_TAG == 1 )
               
                   BaseType_t xTaskCallApplicationTaskHook( TaskHandle_t xTask,
                                                            void * pvParameter )
                   {
                       TCB_t * xTCB;
                       BaseType_t xReturn;
               
                       /* If xTask is NULL then we are calling our own task hook. */
                       if( xTask == NULL )
                       {
                           xTCB = pxCurrentTCB;
                       }
                       else
                       {
                           xTCB = xTask;
                       }
               
                       if( xTCB->pxTaskTag != NULL )
                       {
                           xReturn = xTCB->pxTaskTag( pvParameter );
                       }
                       else
                       {
                           xReturn = pdFAIL;
C251 COMPILER V5.60.0,  tasks                                                              03/12/25  17:09:37  PAGE 48  

                       }
               
                       return xReturn;
                   }
               
               #endif /* configUSE_APPLICATION_TASK_TAG */
 3007          /*-----------------------------------------------------------*/
 3008          
 3009          void vTaskSwitchContext( void )
 3010          {
 3011   1          if( uxSchedulerSuspended != ( UBaseType_t ) pdFALSE )
 3012   1          {
 3013   2              /* The scheduler is currently suspended - do not allow a context
 3014   2               * switch. */
 3015   2              xYieldPending = pdTRUE;
 3016   2          }
 3017   1          else
 3018   1          {
 3019   2              xYieldPending = pdFALSE;
 3020   2              traceTASK_SWITCHED_OUT();
 3021   2      
 3022   2              #if ( configGENERATE_RUN_TIME_STATS == 1 )
 3023   2              {
 3024   3                  #ifdef portALT_GET_RUN_TIME_COUNTER_VALUE
                               portALT_GET_RUN_TIME_COUNTER_VALUE( ulTotalRunTime );
                           #else
 3027   3                      ulTotalRunTime = portGET_RUN_TIME_COUNTER_VALUE();
 3028   3                  #endif
 3029   3      
 3030   3                  /* Add the amount of time the task has been running to the
 3031   3                   * accumulated time so far.  The time the task started running was
 3032   3                   * stored in ulTaskSwitchedInTime.  Note that there is no overflow
 3033   3                   * protection here so count values are only valid until the timer
 3034   3                   * overflows.  The guard against negative values is to protect
 3035   3                   * against suspect run time stat counter implementations - which
 3036   3                   * are provided by the application, not the kernel. */
 3037   3                  if( ulTotalRunTime > ulTaskSwitchedInTime )
 3038   3                  {
 3039   4                      pxCurrentTCB->ulRunTimeCounter += ( ulTotalRunTime - ulTaskSwitchedInTime );
 3040   4                  }
 3041   3                  else
 3042   3                  {
 3043   4                      mtCOVERAGE_TEST_MARKER();
 3044   4                  }
 3045   3      
 3046   3                  ulTaskSwitchedInTime = ulTotalRunTime;
 3047   3              }
 3048   2              #endif /* configGENERATE_RUN_TIME_STATS */
 3049   2      
 3050   2              /* Check for stack overflow, if configured. */
 3051   2              taskCHECK_FOR_STACK_OVERFLOW();
 3052   2      
 3053   2              /* Before the currently running task is switched out, save its errno. */
 3054   2              #if ( configUSE_POSIX_ERRNO == 1 )
                       {
                           pxCurrentTCB->iTaskErrno = FreeRTOS_errno;
                       }
                       #endif
 3059   2      
 3060   2              /* Select a new task to run using either the generic C or port
 3061   2               * optimised asm code. */
 3062   2              taskSELECT_HIGHEST_PRIORITY_TASK(); /*lint !e9079 void * is used as this macro is used with timer
             -s and co-routines too.  Alignment is known to be fine as the type of the pointer stored and retrieved is the same. */
 3063   2              traceTASK_SWITCHED_IN();
 3064   2      
 3065   2              /* After the new task is switched in, update the global errno. */
C251 COMPILER V5.60.0,  tasks                                                              03/12/25  17:09:37  PAGE 49  

 3066   2              #if ( configUSE_POSIX_ERRNO == 1 )
                       {
                           FreeRTOS_errno = pxCurrentTCB->iTaskErrno;
                       }
                       #endif
 3071   2      
 3072   2              #if ( ( configUSE_NEWLIB_REENTRANT == 1 ) || ( configUSE_C_RUNTIME_TLS_SUPPORT == 1 ) )
                       {
                           /* Switch C-Runtime's TLS Block to point to the TLS
                            * Block specific to this task. */
                           configSET_TLS_BLOCK( pxCurrentTCB->xTLSBlock );
                       }
                       #endif
 3079   2          }
 3080   1      }
 3081          /*-----------------------------------------------------------*/
 3082          
 3083          void vTaskPlaceOnEventList( List_t * const pxEventList,
 3084                                      const TickType_t xTicksToWait )
 3085          {
 3086   1          configASSERT( pxEventList );
 3087   1      
 3088   1          /* THIS FUNCTION MUST BE CALLED WITH EITHER INTERRUPTS DISABLED OR THE
 3089   1           * SCHEDULER SUSPENDED AND THE QUEUE BEING ACCESSED LOCKED. */
 3090   1      
 3091   1          /* Place the event list item of the TCB in the appropriate event list.
 3092   1           * This is placed in the list in priority order so the highest priority task
 3093   1           * is the first to be woken by the event.
 3094   1           *
 3095   1           * Note: Lists are sorted in ascending order by ListItem_t.xItemValue.
 3096   1           * Normally, the xItemValue of a TCB's ListItem_t members is:
 3097   1           *      xItemValue = ( configMAX_PRIORITIES - uxPriority )
 3098   1           * Therefore, the event list is sorted in descending priority order.
 3099   1           *
 3100   1           * The queue that contains the event list is locked, preventing
 3101   1           * simultaneous access from interrupts. */
 3102   1          vListInsert( pxEventList, &( pxCurrentTCB->xEventListItem ) );
 3103   1      
 3104   1          prvAddCurrentTaskToDelayedList( xTicksToWait, pdTRUE );
 3105   1      }
 3106          /*-----------------------------------------------------------*/
 3107          
 3108          void vTaskPlaceOnUnorderedEventList( List_t * pxEventList,
 3109                                               const TickType_t xItemValue,
 3110                                               const TickType_t xTicksToWait )
 3111          {
 3112   1          configASSERT( pxEventList );
 3113   1      
 3114   1          /* THIS FUNCTION MUST BE CALLED WITH THE SCHEDULER SUSPENDED.  It is used by
 3115   1           * the event groups implementation. */
 3116   1          configASSERT( uxSchedulerSuspended != 0 );
 3117   1      
 3118   1          /* Store the item value in the event list item.  It is safe to access the
 3119   1           * event list item here as interrupts won't access the event list item of a
 3120   1           * task that is not in the Blocked state. */
 3121   1          listSET_LIST_ITEM_VALUE( &( pxCurrentTCB->xEventListItem ), xItemValue | taskEVENT_LIST_ITEM_VALUE_IN
             -_USE );
 3122   1      
 3123   1          /* Place the event list item of the TCB at the end of the appropriate event
 3124   1           * list.  It is safe to access the event list here because it is part of an
 3125   1           * event group implementation - and interrupts don't access event groups
 3126   1           * directly (instead they access them indirectly by pending function calls to
 3127   1           * the task level). */
 3128   1          listINSERT_END( pxEventList, &( pxCurrentTCB->xEventListItem ) );
 3129   1      
 3130   1          prvAddCurrentTaskToDelayedList( xTicksToWait, pdTRUE );
C251 COMPILER V5.60.0,  tasks                                                              03/12/25  17:09:37  PAGE 50  

 3131   1      }
 3132          /*-----------------------------------------------------------*/
 3133          
 3134          #if ( configUSE_TIMERS == 1 )
               
                   void vTaskPlaceOnEventListRestricted( List_t * const pxEventList,
                                                         TickType_t xTicksToWait,
                                                         const BaseType_t xWaitIndefinitely )
                   {
                       configASSERT( pxEventList );
               
                       /* This function should not be called by application code hence the
                        * 'Restricted' in its name.  It is not part of the public API.  It is
                        * designed for use by kernel code, and has special calling requirements -
                        * it should be called with the scheduler suspended. */
               
               
                       /* Place the event list item of the TCB in the appropriate event list.
                        * In this case it is assume that this is the only task that is going to
                        * be waiting on this event list, so the faster vListInsertEnd() function
                        * can be used in place of vListInsert. */
                       listINSERT_END( pxEventList, &( pxCurrentTCB->xEventListItem ) );
               
                       /* If the task should block indefinitely then set the block time to a
                        * value that will be recognised as an indefinite delay inside the
                        * prvAddCurrentTaskToDelayedList() function. */
                       if( xWaitIndefinitely != pdFALSE )
                       {
                           xTicksToWait = portMAX_DELAY;
                       }
               
                       traceTASK_DELAY_UNTIL( ( xTickCount + xTicksToWait ) );
                       prvAddCurrentTaskToDelayedList( xTicksToWait, xWaitIndefinitely );
                   }
               
               #endif /* configUSE_TIMERS */
 3167          /*-----------------------------------------------------------*/
 3168          
 3169          BaseType_t xTaskRemoveFromEventList( const List_t * const pxEventList )
 3170          {
 3171   1          TCB_t * pxUnblockedTCB;
 3172   1          BaseType_t xReturn;
 3173   1      
 3174   1          /* THIS FUNCTION MUST BE CALLED FROM A CRITICAL SECTION.  It can also be
 3175   1           * called from a critical section within an ISR. */
 3176   1      
 3177   1          /* The event list is sorted in priority order, so the first in the list can
 3178   1           * be removed as it is known to be the highest priority.  Remove the TCB from
 3179   1           * the delayed list, and add it to the ready list.
 3180   1           *
 3181   1           * If an event is for a queue that is locked then this function will never
 3182   1           * get called - the lock count on the queue will get modified instead.  This
 3183   1           * means exclusive access to the event list is guaranteed here.
 3184   1           *
 3185   1           * This function assumes that a check has already been made to ensure that
 3186   1           * pxEventList is not empty. */
 3187   1          pxUnblockedTCB = listGET_OWNER_OF_HEAD_ENTRY( pxEventList ); /*lint !e9079 void * is used as this mac
             -ro is used with timers and co-routines too.  Alignment is known to be fine as the type of the pointer stored and retriev
             -ed is the same. */
 3188   1          configASSERT( pxUnblockedTCB );
 3189   1          listREMOVE_ITEM( &( pxUnblockedTCB->xEventListItem ) );
 3190   1      
 3191   1          if( uxSchedulerSuspended == ( UBaseType_t ) pdFALSE )
 3192   1          {
 3193   2              listREMOVE_ITEM( &( pxUnblockedTCB->xStateListItem ) );
 3194   2              prvAddTaskToReadyList( pxUnblockedTCB );
C251 COMPILER V5.60.0,  tasks                                                              03/12/25  17:09:37  PAGE 51  

 3195   2      
 3196   2              #if ( configUSE_TICKLESS_IDLE != 0 )
                       {
                           /* If a task is blocked on a kernel object then xNextTaskUnblockTime
                            * might be set to the blocked task's time out time.  If the task is
                            * unblocked for a reason other than a timeout xNextTaskUnblockTime is
                            * normally left unchanged, because it is automatically reset to a new
                            * value when the tick count equals xNextTaskUnblockTime.  However if
                            * tickless idling is used it might be more important to enter sleep mode
                            * at the earliest possible time - so reset xNextTaskUnblockTime here to
                            * ensure it is updated at the earliest possible time. */
                           prvResetNextTaskUnblockTime();
                       }
                       #endif
 3209   2          }
 3210   1          else
 3211   1          {
 3212   2              /* The delayed and ready lists cannot be accessed, so hold this task
 3213   2               * pending until the scheduler is resumed. */
 3214   2              listINSERT_END( &( xPendingReadyList ), &( pxUnblockedTCB->xEventListItem ) );
 3215   2          }
 3216   1      
 3217   1          if( pxUnblockedTCB->uxPriority > pxCurrentTCB->uxPriority )
 3218   1          {
 3219   2              /* Return true if the task removed from the event list has a higher
 3220   2               * priority than the calling task.  This allows the calling task to know if
 3221   2               * it should force a context switch now. */
 3222   2              xReturn = pdTRUE;
 3223   2      
 3224   2              /* Mark that a yield is pending in case the user is not using the
 3225   2               * "xHigherPriorityTaskWoken" parameter to an ISR safe FreeRTOS function. */
 3226   2              xYieldPending = pdTRUE;
 3227   2          }
 3228   1          else
 3229   1          {
 3230   2              xReturn = pdFALSE;
 3231   2          }
 3232   1      
 3233   1          return xReturn;
 3234   1      }
 3235          /*-----------------------------------------------------------*/
 3236          
 3237          void vTaskRemoveFromUnorderedEventList( ListItem_t * pxEventListItem,
 3238                                                  const TickType_t xItemValue )
 3239          {
 3240   1          TCB_t * pxUnblockedTCB;
 3241   1      
 3242   1          /* THIS FUNCTION MUST BE CALLED WITH THE SCHEDULER SUSPENDED.  It is used by
 3243   1           * the event flags implementation. */
 3244   1          configASSERT( uxSchedulerSuspended != pdFALSE );
 3245   1      
 3246   1          /* Store the new item value in the event list. */
 3247   1          listSET_LIST_ITEM_VALUE( pxEventListItem, xItemValue | taskEVENT_LIST_ITEM_VALUE_IN_USE );
 3248   1      
 3249   1          /* Remove the event list form the event flag.  Interrupts do not access
 3250   1           * event flags. */
 3251   1          pxUnblockedTCB = listGET_LIST_ITEM_OWNER( pxEventListItem ); /*lint !e9079 void * is used as this mac
             -ro is used with timers and co-routines too.  Alignment is known to be fine as the type of the pointer stored and retriev
             -ed is the same. */
 3252   1          configASSERT( pxUnblockedTCB );
 3253   1          listREMOVE_ITEM( pxEventListItem );
 3254   1      
 3255   1          #if ( configUSE_TICKLESS_IDLE != 0 )
                   {
                       /* If a task is blocked on a kernel object then xNextTaskUnblockTime
                        * might be set to the blocked task's time out time.  If the task is
C251 COMPILER V5.60.0,  tasks                                                              03/12/25  17:09:37  PAGE 52  

                        * unblocked for a reason other than a timeout xNextTaskUnblockTime is
                        * normally left unchanged, because it is automatically reset to a new
                        * value when the tick count equals xNextTaskUnblockTime.  However if
                        * tickless idling is used it might be more important to enter sleep mode
                        * at the earliest possible time - so reset xNextTaskUnblockTime here to
                        * ensure it is updated at the earliest possible time. */
                       prvResetNextTaskUnblockTime();
                   }
                   #endif
 3268   1      
 3269   1          /* Remove the task from the delayed list and add it to the ready list.  The
 3270   1           * scheduler is suspended so interrupts will not be accessing the ready
 3271   1           * lists. */
 3272   1          listREMOVE_ITEM( &( pxUnblockedTCB->xStateListItem ) );
 3273   1          prvAddTaskToReadyList( pxUnblockedTCB );
 3274   1      
 3275   1          if( pxUnblockedTCB->uxPriority > pxCurrentTCB->uxPriority )
 3276   1          {
 3277   2              /* The unblocked task has a priority above that of the calling task, so
 3278   2               * a context switch is required.  This function is called with the
 3279   2               * scheduler suspended so xYieldPending is set so the context switch
 3280   2               * occurs immediately that the scheduler is resumed (unsuspended). */
 3281   2              xYieldPending = pdTRUE;
 3282   2          }
 3283   1      }
 3284          /*-----------------------------------------------------------*/
 3285          
 3286          void vTaskSetTimeOutState( TimeOut_t * const pxTimeOut )
 3287          {
 3288   1          configASSERT( pxTimeOut );
 3289   1          taskENTER_CRITICAL();
 3290   1          {
 3291   2              pxTimeOut->xOverflowCount = xNumOfOverflows;
 3292   2              pxTimeOut->xTimeOnEntering = xTickCount;
 3293   2          }
 3294   1          taskEXIT_CRITICAL();
 3295   1      }
 3296          /*-----------------------------------------------------------*/
 3297          
 3298          void vTaskInternalSetTimeOutState( TimeOut_t * const pxTimeOut )
 3299          {
 3300   1          /* For internal use only as it does not use a critical section. */
 3301   1          pxTimeOut->xOverflowCount = xNumOfOverflows;
 3302   1          pxTimeOut->xTimeOnEntering = xTickCount;
 3303   1      }
 3304          /*-----------------------------------------------------------*/
 3305          
 3306          BaseType_t xTaskCheckForTimeOut( TimeOut_t * const pxTimeOut,
 3307                                           TickType_t * const pxTicksToWait )
 3308          {
 3309   1          BaseType_t xReturn;
 3310   1      
 3311   1          configASSERT( pxTimeOut );
 3312   1          configASSERT( pxTicksToWait );
 3313   1      
 3314   1          taskENTER_CRITICAL();
 3315   1          {
 3316   2              /* Minor optimisation.  The tick count cannot change in this block. */
 3317   2              const TickType_t xConstTickCount = xTickCount;
 3318   2              const TickType_t xElapsedTime = xConstTickCount - pxTimeOut->xTimeOnEntering;
 3319   2      
 3320   2              #if ( INCLUDE_xTaskAbortDelay == 1 )
                           if( pxCurrentTCB->ucDelayAborted != ( uint8_t ) pdFALSE )
                           {
                               /* The delay was aborted, which is not the same as a time out,
                                * but has the same result. */
C251 COMPILER V5.60.0,  tasks                                                              03/12/25  17:09:37  PAGE 53  

                               pxCurrentTCB->ucDelayAborted = pdFALSE;
                               xReturn = pdTRUE;
                           }
                           else
                       #endif
 3330   2      
 3331   2              #if ( INCLUDE_vTaskSuspend == 1 )
 3332   2                  if( *pxTicksToWait == portMAX_DELAY )
 3333   2                  {
 3334   3                      /* If INCLUDE_vTaskSuspend is set to 1 and the block time
 3335   3                       * specified is the maximum block time then the task should block
 3336   3                       * indefinitely, and therefore never time out. */
 3337   3                      xReturn = pdFALSE;
 3338   3                  }
 3339   2                  else
 3340   2              #endif
 3341   2      
 3342   2              if( ( xNumOfOverflows != pxTimeOut->xOverflowCount ) && ( xConstTickCount >= pxTimeOut->xTimeOnEn
             -tering ) ) /*lint !e525 Indentation preferred as is to make code within pre-processor directives clearer. */
 3343   2              {
 3344   3                  /* The tick count is greater than the time at which
 3345   3                   * vTaskSetTimeout() was called, but has also overflowed since
 3346   3                   * vTaskSetTimeOut() was called.  It must have wrapped all the way
 3347   3                   * around and gone past again. This passed since vTaskSetTimeout()
 3348   3                   * was called. */
 3349   3                  xReturn = pdTRUE;
 3350   3                  *pxTicksToWait = ( TickType_t ) 0;
 3351   3              }
 3352   2              else if( xElapsedTime < *pxTicksToWait ) /*lint !e961 Explicit casting is only redundant with som
             -e compilers, whereas others require it to prevent integer conversion errors. */
 3353   2              {
 3354   3                  /* Not a genuine timeout. Adjust parameters for time remaining. */
 3355   3                  *pxTicksToWait -= xElapsedTime;
 3356   3                  vTaskInternalSetTimeOutState( pxTimeOut );
 3357   3                  xReturn = pdFALSE;
 3358   3              }
 3359   2              else
 3360   2              {
 3361   3                  *pxTicksToWait = ( TickType_t ) 0;
 3362   3                  xReturn = pdTRUE;
 3363   3              }
 3364   2          }
 3365   1          taskEXIT_CRITICAL();
 3366   1      
 3367   1          return xReturn;
 3368   1      }
 3369          /*-----------------------------------------------------------*/
 3370          
 3371          void vTaskMissedYield( void )
 3372          {
 3373   1          xYieldPending = pdTRUE;
 3374   1      }
 3375          /*-----------------------------------------------------------*/
 3376          
 3377          #if ( configUSE_TRACE_FACILITY == 1 )
 3378          
 3379              UBaseType_t uxTaskGetTaskNumber( TaskHandle_t xTask )
 3380              {
 3381   1              UBaseType_t uxReturn;
 3382   1              TCB_t const * pxTCB;
 3383   1      
 3384   1              if( xTask != NULL )
 3385   1              {
 3386   2                  pxTCB = xTask;
 3387   2                  uxReturn = pxTCB->uxTaskNumber;
 3388   2              }
C251 COMPILER V5.60.0,  tasks                                                              03/12/25  17:09:37  PAGE 54  

 3389   1              else
 3390   1              {
 3391   2                  uxReturn = 0U;
 3392   2              }
 3393   1      
 3394   1              return uxReturn;
 3395   1          }
 3396          
 3397          #endif /* configUSE_TRACE_FACILITY */
 3398          /*-----------------------------------------------------------*/
 3399          
 3400          #if ( configUSE_TRACE_FACILITY == 1 )
 3401          
 3402              void vTaskSetTaskNumber( TaskHandle_t xTask,
 3403                                       const UBaseType_t uxHandle )
 3404              {
 3405   1              TCB_t * pxTCB;
 3406   1      
 3407   1              if( xTask != NULL )
 3408   1              {
 3409   2                  pxTCB = xTask;
 3410   2                  pxTCB->uxTaskNumber = uxHandle;
 3411   2              }
 3412   1          }
 3413          
 3414          #endif /* configUSE_TRACE_FACILITY */
 3415          
 3416          /*
 3417           * -----------------------------------------------------------
 3418           * The Idle task.
 3419           * ----------------------------------------------------------
 3420           *
 3421           * The portTASK_FUNCTION() macro is used to allow port/compiler specific
 3422           * language extensions.  The equivalent prototype for this function is:
 3423           *
 3424           * void prvIdleTask( void *pvParameters );
 3425           *
 3426           */
 3427          static portTASK_FUNCTION( prvIdleTask, pvParameters )
 3428          {
 3429   1          /* Stop warnings. */
 3430   1          if (pvParameters);//( void ) pvParameters;
 3431   1      
 3432   1          /** THIS IS THE RTOS IDLE TASK - WHICH IS CREATED AUTOMATICALLY WHEN THE
 3433   1           * SCHEDULER IS STARTED. **/
 3434   1      
 3435   1          /* In case a task that has a secure context deletes itself, in which case
 3436   1           * the idle task is responsible for deleting the task's secure context, if
 3437   1           * any. */
 3438   1          portALLOCATE_SECURE_CONTEXT( configMINIMAL_SECURE_STACK_SIZE );
 3439   1      
 3440   1          for( ; ; )
 3441   1          {
 3442   2              /* See if any tasks have deleted themselves - if so then the idle task
 3443   2               * is responsible for freeing the deleted task's TCB and stack. */
 3444   2              prvCheckTasksWaitingTermination();
 3445   2      
 3446   2              #if ( configUSE_PREEMPTION == 0 )
                       {
                           /* If we are not using preemption we keep forcing a task switch to
                            * see if any other task has become available.  If we are using
                            * preemption we don't need to do this as any task becoming available
                            * will automatically get the processor anyway. */
                           taskYIELD();
                       }
                       #endif /* configUSE_PREEMPTION */
C251 COMPILER V5.60.0,  tasks                                                              03/12/25  17:09:37  PAGE 55  

 3455   2      
 3456   2              #if ( ( configUSE_PREEMPTION == 1 ) && ( configIDLE_SHOULD_YIELD == 1 ) )
 3457   2              {
 3458   3                  /* When using preemption tasks of equal priority will be
 3459   3                   * timesliced.  If a task that is sharing the idle priority is ready
 3460   3                   * to run then the idle task should yield before the end of the
 3461   3                   * timeslice.
 3462   3                   *
 3463   3                   * A critical region is not required here as we are just reading from
 3464   3                   * the list, and an occasional incorrect value will not matter.  If
 3465   3                   * the ready list at the idle priority contains more than one task
 3466   3                   * then a task other than the idle task is ready to execute. */
 3467   3                  if( listCURRENT_LIST_LENGTH( &( pxReadyTasksLists[ tskIDLE_PRIORITY ] ) ) > ( UBaseType_t ) 1
             - )
 3468   3                  {
 3469   4                      taskYIELD();
 3470   4                  }
 3471   3                  else
 3472   3                  {
 3473   4                      mtCOVERAGE_TEST_MARKER();
 3474   4                  }
 3475   3              }
 3476   2              #endif /* ( ( configUSE_PREEMPTION == 1 ) && ( configIDLE_SHOULD_YIELD == 1 ) ) */
 3477   2      
 3478   2              #if ( configUSE_IDLE_HOOK == 1 )
                       {
                           extern void vApplicationIdleHook( void );
               
                           /* Call the user defined function from within the idle task.  This
                            * allows the application designer to add background functionality
                            * without the overhead of a separate task.
                            * NOTE: vApplicationIdleHook() MUST NOT, UNDER ANY CIRCUMSTANCES,
                            * CALL A FUNCTION THAT MIGHT BLOCK. */
                           vApplicationIdleHook();
                       }
                       #endif /* configUSE_IDLE_HOOK */
 3490   2      
 3491   2              /* This conditional compilation should use inequality to 0, not equality
 3492   2               * to 1.  This is to ensure portSUPPRESS_TICKS_AND_SLEEP() is called when
 3493   2               * user defined low power mode  implementations require
 3494   2               * configUSE_TICKLESS_IDLE to be set to a value other than 1. */
 3495   2              #if ( configUSE_TICKLESS_IDLE != 0 )
                       {
                           TickType_t xExpectedIdleTime;
               
                           /* It is not desirable to suspend then resume the scheduler on
                            * each iteration of the idle task.  Therefore, a preliminary
                            * test of the expected idle time is performed without the
                            * scheduler suspended.  The result here is not necessarily
                            * valid. */
                           xExpectedIdleTime = prvGetExpectedIdleTime();
               
                           if( xExpectedIdleTime >= configEXPECTED_IDLE_TIME_BEFORE_SLEEP )
                           {
                               vTaskSuspendAll();
                               {
                                   /* Now the scheduler is suspended, the expected idle
                                    * time can be sampled again, and this time its value can
                                    * be used. */
                                   configASSERT( xNextTaskUnblockTime >= xTickCount );
                                   xExpectedIdleTime = prvGetExpectedIdleTime();
               
                                   /* Define the following macro to set xExpectedIdleTime to 0
                                    * if the application does not want
                                    * portSUPPRESS_TICKS_AND_SLEEP() to be called. */
                                   configPRE_SUPPRESS_TICKS_AND_SLEEP_PROCESSING( xExpectedIdleTime );
C251 COMPILER V5.60.0,  tasks                                                              03/12/25  17:09:37  PAGE 56  

               
                                   if( xExpectedIdleTime >= configEXPECTED_IDLE_TIME_BEFORE_SLEEP )
                                   {
                                       traceLOW_POWER_IDLE_BEGIN();
                                       portSUPPRESS_TICKS_AND_SLEEP( xExpectedIdleTime );
                                       traceLOW_POWER_IDLE_END();
                                   }
                                   else
                                   {
                                       mtCOVERAGE_TEST_MARKER();
                                   }
                               }
                               ( void ) xTaskResumeAll();
                           }
                           else
                           {
                               mtCOVERAGE_TEST_MARKER();
                           }
                       }
                       #endif /* configUSE_TICKLESS_IDLE */
 3540   2          }
 3541   1      }
 3542          /*-----------------------------------------------------------*/
 3543          
 3544          #if ( configUSE_TICKLESS_IDLE != 0 )
               
                   eSleepModeStatus eTaskConfirmSleepModeStatus( void )
                   {
                       #if ( INCLUDE_vTaskSuspend == 1 )
                           /* The idle task exists in addition to the application tasks. */
                           const UBaseType_t uxNonApplicationTasks = 1;
                       #endif /* INCLUDE_vTaskSuspend */
               
                       eSleepModeStatus eReturn = eStandardSleep;
               
                       /* This function must be called from a critical section. */
               
                       if( listCURRENT_LIST_LENGTH( &xPendingReadyList ) != 0 )
                       {
                           /* A task was made ready while the scheduler was suspended. */
                           eReturn = eAbortSleep;
                       }
                       else if( xYieldPending != pdFALSE )
                       {
                           /* A yield was pended while the scheduler was suspended. */
                           eReturn = eAbortSleep;
                       }
                       else if( xPendedTicks != 0 )
                       {
                           /* A tick interrupt has already occurred but was held pending
                            * because the scheduler is suspended. */
                           eReturn = eAbortSleep;
                       }
               
                       #if ( INCLUDE_vTaskSuspend == 1 )
                           else if( listCURRENT_LIST_LENGTH( &xSuspendedTaskList ) == ( uxCurrentNumberOfTasks - uxNonAp
             -plicationTasks ) )
                           {
                               /* If all the tasks are in the suspended list (which might mean they
                                * have an infinite block time rather than actually being suspended)
                                * then it is safe to turn all clocks off and just wait for external
                                * interrupts. */
                               eReturn = eNoTasksWaitingTimeout;
                           }
                       #endif /* INCLUDE_vTaskSuspend */
                       else
C251 COMPILER V5.60.0,  tasks                                                              03/12/25  17:09:37  PAGE 57  

                       {
                           mtCOVERAGE_TEST_MARKER();
                       }
               
                       return eReturn;
                   }
               
               #endif /* configUSE_TICKLESS_IDLE */
 3593          /*-----------------------------------------------------------*/
 3594          
 3595          #if ( configNUM_THREAD_LOCAL_STORAGE_POINTERS != 0 )
               
                   void vTaskSetThreadLocalStoragePointer( TaskHandle_t xTaskToSet,
                                                           BaseType_t xIndex,
                                                           void * pvValue )
                   {
                       TCB_t * pxTCB;
               
                       if( ( xIndex >= 0 ) &&
                           ( xIndex < configNUM_THREAD_LOCAL_STORAGE_POINTERS ) )
                       {
                           pxTCB = prvGetTCBFromHandle( xTaskToSet );
                           configASSERT( pxTCB != NULL );
                           pxTCB->pvThreadLocalStoragePointers[ xIndex ] = pvValue;
                       }
                   }
               
               #endif /* configNUM_THREAD_LOCAL_STORAGE_POINTERS */
 3613          /*-----------------------------------------------------------*/
 3614          
 3615          #if ( configNUM_THREAD_LOCAL_STORAGE_POINTERS != 0 )
               
                   void * pvTaskGetThreadLocalStoragePointer( TaskHandle_t xTaskToQuery,
                                                              BaseType_t xIndex )
                   {
                       void * pvReturn = NULL;
                       TCB_t * pxTCB;
               
                       if( ( xIndex >= 0 ) &&
                           ( xIndex < configNUM_THREAD_LOCAL_STORAGE_POINTERS ) )
                       {
                           pxTCB = prvGetTCBFromHandle( xTaskToQuery );
                           pvReturn = pxTCB->pvThreadLocalStoragePointers[ xIndex ];
                       }
                       else
                       {
                           pvReturn = NULL;
                       }
               
                       return pvReturn;
                   }
               
               #endif /* configNUM_THREAD_LOCAL_STORAGE_POINTERS */
 3638          /*-----------------------------------------------------------*/
 3639          
 3640          #if ( portUSING_MPU_WRAPPERS == 1 )
               
                   void vTaskAllocateMPURegions( TaskHandle_t xTaskToModify,
                                                 const MemoryRegion_t * const xRegions )
                   {
                       TCB_t * pxTCB;
               
                       /* If null is passed in here then we are modifying the MPU settings of
                        * the calling task. */
                       pxTCB = prvGetTCBFromHandle( xTaskToModify );
               
C251 COMPILER V5.60.0,  tasks                                                              03/12/25  17:09:37  PAGE 58  

                       vPortStoreTaskMPUSettings( &( pxTCB->xMPUSettings ), xRegions, NULL, 0 );
                   }
               
               #endif /* portUSING_MPU_WRAPPERS */
 3655          /*-----------------------------------------------------------*/
 3656          
 3657          static void prvInitialiseTaskLists( void )
 3658          {
 3659   1          UBaseType_t uxPriority;
 3660   1      
 3661   1          for( uxPriority = ( UBaseType_t ) 0U; uxPriority < ( UBaseType_t ) configMAX_PRIORITIES; uxPriority++
             - )
 3662   1          {
 3663   2              vListInitialise( &( pxReadyTasksLists[ uxPriority ] ) );
 3664   2          }
 3665   1      
 3666   1          vListInitialise( &xDelayedTaskList1 );
 3667   1          vListInitialise( &xDelayedTaskList2 );
 3668   1          vListInitialise( &xPendingReadyList );
 3669   1      
 3670   1          #if ( INCLUDE_vTaskDelete == 1 )
 3671   1          {
 3672   2              vListInitialise( &xTasksWaitingTermination );
 3673   2          }
 3674   1          #endif /* INCLUDE_vTaskDelete */
 3675   1      
 3676   1          #if ( INCLUDE_vTaskSuspend == 1 )
 3677   1          {
 3678   2              vListInitialise( &xSuspendedTaskList );
 3679   2          }
 3680   1          #endif /* INCLUDE_vTaskSuspend */
 3681   1      
 3682   1          /* Start with pxDelayedTaskList using list1 and the pxOverflowDelayedTaskList
 3683   1           * using list2. */
 3684   1          pxDelayedTaskList = &xDelayedTaskList1;
 3685   1          pxOverflowDelayedTaskList = &xDelayedTaskList2;
 3686   1      }
 3687          /*-----------------------------------------------------------*/
 3688          
 3689          static void prvCheckTasksWaitingTermination( void )
 3690          {
 3691   1          /** THIS FUNCTION IS CALLED FROM THE RTOS IDLE TASK **/
 3692   1      
 3693   1          #if ( INCLUDE_vTaskDelete == 1 )
 3694   1          {
 3695   2              TCB_t * pxTCB;
 3696   2      
 3697   2              /* uxDeletedTasksWaitingCleanUp is used to prevent taskENTER_CRITICAL()
 3698   2               * being called too often in the idle task. */
 3699   2              while( uxDeletedTasksWaitingCleanUp > ( UBaseType_t ) 0U )
 3700   2              {
 3701   3                  taskENTER_CRITICAL();
 3702   3                  {
 3703   4                      pxTCB = listGET_OWNER_OF_HEAD_ENTRY( ( &xTasksWaitingTermination ) ); /*lint !e9079 void 
             -* is used as this macro is used with timers and co-routines too.  Alignment is known to be fine as the type of the point
             -er stored and retrieved is the same. */
 3704   4                      ( void ) uxListRemove( &( pxTCB->xStateListItem ) );
 3705   4                      --uxCurrentNumberOfTasks;
 3706   4                      --uxDeletedTasksWaitingCleanUp;
 3707   4                  }
 3708   3                  taskEXIT_CRITICAL();
 3709   3      
 3710   3                  prvDeleteTCB( pxTCB );
 3711   3              }
 3712   2          }
 3713   1          #endif /* INCLUDE_vTaskDelete */
C251 COMPILER V5.60.0,  tasks                                                              03/12/25  17:09:37  PAGE 59  

 3714   1      }
 3715          /*-----------------------------------------------------------*/
 3716          
 3717          #if ( configUSE_TRACE_FACILITY == 1 )
 3718          
 3719              void vTaskGetInfo( TaskHandle_t xTask,
 3720                                 TaskStatus_t * pxTaskStatus,
 3721                                 BaseType_t xGetFreeStackSpace,
 3722                                 eTaskState eState )
 3723              {
 3724   1              TCB_t * pxTCB;
 3725   1      
 3726   1              /* xTask is NULL then get the state of the calling task. */
 3727   1              pxTCB = prvGetTCBFromHandle( xTask );
 3728   1      
 3729   1              pxTaskStatus->xHandle = ( TaskHandle_t ) pxTCB;
 3730   1              pxTaskStatus->pcTaskName = ( const char * ) &( pxTCB->pcTaskName[ 0 ] );
 3731   1              pxTaskStatus->uxCurrentPriority = pxTCB->uxPriority;
 3732   1              pxTaskStatus->pxStackBase = pxTCB->pxStack;
 3733   1              #if ( ( portSTACK_GROWTH > 0 ) && ( configRECORD_STACK_HIGH_ADDRESS == 1 ) )
                           pxTaskStatus->pxTopOfStack = pxTCB->pxTopOfStack;
                           pxTaskStatus->pxEndOfStack = pxTCB->pxEndOfStack;
                       #endif
 3737   1              pxTaskStatus->xTaskNumber = pxTCB->uxTCBNumber;
 3738   1      
 3739   1              #if ( configUSE_MUTEXES == 1 )
 3740   1              {
 3741   2                  pxTaskStatus->uxBasePriority = pxTCB->uxBasePriority;
 3742   2              }
 3743   1              #else
                       {
                           pxTaskStatus->uxBasePriority = 0;
                       }
                       #endif
 3748   1      
 3749   1              #if ( configGENERATE_RUN_TIME_STATS == 1 )
 3750   1              {
 3751   2                  pxTaskStatus->ulRunTimeCounter = pxTCB->ulRunTimeCounter;
 3752   2              }
 3753   1              #else
                       {
                           pxTaskStatus->ulRunTimeCounter = ( configRUN_TIME_COUNTER_TYPE ) 0;
                       }
                       #endif
 3758   1      
 3759   1              /* Obtaining the task state is a little fiddly, so is only done if the
 3760   1               * value of eState passed into this function is eInvalid - otherwise the
 3761   1               * state is just set to whatever is passed in. */
 3762   1              if( eState != eInvalid )
 3763   1              {
 3764   2                  if( pxTCB == pxCurrentTCB )
 3765   2                  {
 3766   3                      pxTaskStatus->eCurrentState = eRunning;
 3767   3                  }
 3768   2                  else
 3769   2                  {
 3770   3                      pxTaskStatus->eCurrentState = eState;
 3771   3      
 3772   3                      #if ( INCLUDE_vTaskSuspend == 1 )
 3773   3                      {
 3774   4                          /* If the task is in the suspended list then there is a
 3775   4                           *  chance it is actually just blocked indefinitely - so really
 3776   4                           *  it should be reported as being in the Blocked state. */
 3777   4                          if( eState == eSuspended )
 3778   4                          {
 3779   5                              vTaskSuspendAll();
C251 COMPILER V5.60.0,  tasks                                                              03/12/25  17:09:37  PAGE 60  

 3780   5                              {
 3781   6                                  if( listLIST_ITEM_CONTAINER( &( pxTCB->xEventListItem ) ) != NULL )
 3782   6                                  {
 3783   7                                      pxTaskStatus->eCurrentState = eBlocked;
 3784   7                                  }
 3785   6                              }
 3786   5                              ( void ) xTaskResumeAll();
 3787   5                          }
 3788   4                      }
 3789   3                      #endif /* INCLUDE_vTaskSuspend */
 3790   3                  }
 3791   2              }
 3792   1              else
 3793   1              {
 3794   2                  pxTaskStatus->eCurrentState = eTaskGetState( pxTCB );
 3795   2              }
 3796   1      
 3797   1              /* Obtaining the stack space takes some time, so the xGetFreeStackSpace
 3798   1               * parameter is provided to allow it to be skipped. */
 3799   1              if( xGetFreeStackSpace != pdFALSE )
 3800   1              {
 3801   2                  #if ( portSTACK_GROWTH > 0 )
 3802   2                  {
 3803   3                      pxTaskStatus->usStackHighWaterMark = prvTaskCheckFreeStackSpace( ( uint8_t * ) pxTCB->pxE
             -ndOfStack );
 3804   3                  }
 3805   2                  #else
                           {
                               pxTaskStatus->usStackHighWaterMark = prvTaskCheckFreeStackSpace( ( uint8_t * ) pxTCB->pxS
             -tack );
                           }
                           #endif
 3810   2              }
 3811   1              else
 3812   1              {
 3813   2                  pxTaskStatus->usStackHighWaterMark = 0;
 3814   2              }
 3815   1          }
 3816          
 3817          #endif /* configUSE_TRACE_FACILITY */
 3818          /*-----------------------------------------------------------*/
 3819          
 3820          #if ( configUSE_TRACE_FACILITY == 1 )
 3821          
 3822              static UBaseType_t prvListTasksWithinSingleList( TaskStatus_t * pxTaskStatusArray,
 3823                                                               List_t * pxList,
 3824                                                               eTaskState eState )
 3825              {
 3826   1              configLIST_VOLATILE TCB_t * pxNextTCB;
 3827   1              configLIST_VOLATILE TCB_t * pxFirstTCB;
 3828   1              UBaseType_t uxTask = 0;
 3829   1      
 3830   1              if( listCURRENT_LIST_LENGTH( pxList ) > ( UBaseType_t ) 0 )
 3831   1              {
 3832   2                  listGET_OWNER_OF_NEXT_ENTRY( pxFirstTCB, pxList ); /*lint !e9079 void * is used as this macro
             - is used with timers and co-routines too.  Alignment is known to be fine as the type of the pointer stored and retrieved
             - is the same. */
 3833   2      
 3834   2                  /* Populate an TaskStatus_t structure within the
 3835   2                   * pxTaskStatusArray array for each task that is referenced from
 3836   2                   * pxList.  See the definition of TaskStatus_t in task.h for the
 3837   2                   * meaning of each TaskStatus_t structure member. */
 3838   2                  do
 3839   2                  {
 3840   3                      listGET_OWNER_OF_NEXT_ENTRY( pxNextTCB, pxList ); /*lint !e9079 void * is used as this ma
             -cro is used with timers and co-routines too.  Alignment is known to be fine as the type of the pointer stored and retrie
C251 COMPILER V5.60.0,  tasks                                                              03/12/25  17:09:37  PAGE 61  

             -ved is the same. */
 3841   3                      vTaskGetInfo( ( TaskHandle_t ) pxNextTCB, &( pxTaskStatusArray[ uxTask ] ), pdTRUE, eStat
             -e );
 3842   3                      uxTask++;
 3843   3                  } while( pxNextTCB != pxFirstTCB );
 3844   2              }
 3845   1              else
 3846   1              {
 3847   2                  mtCOVERAGE_TEST_MARKER();
 3848   2              }
 3849   1      
 3850   1              return uxTask;
 3851   1          }
 3852          
 3853          #endif /* configUSE_TRACE_FACILITY */
 3854          /*-----------------------------------------------------------*/
 3855          
 3856          #if ( ( configUSE_TRACE_FACILITY == 1 ) || ( INCLUDE_uxTaskGetStackHighWaterMark == 1 ) || ( INCLUDE_uxTa
             -skGetStackHighWaterMark2 == 1 ) )
 3857          
 3858              static configSTACK_DEPTH_TYPE prvTaskCheckFreeStackSpace( const uint8_t * pucStackByte )
 3859              {
 3860   1              uint32_t ulCount = 0U, sizeofStackType_t = sizeof( StackType_t );
 3861   1      
 3862   1              while( *pucStackByte == ( uint8_t ) tskSTACK_FILL_BYTE )
 3863   1              {
 3864   2                  pucStackByte -= portSTACK_GROWTH;
 3865   2                  ulCount++;
 3866   2              }
 3867   1      
 3868   1              ulCount /= sizeofStackType_t;//( uint32_t ) sizeof( StackType_t ); /*lint !e961 Casting is not re
             -dundant on smaller architectures. */
 3869   1      
 3870   1              return ( configSTACK_DEPTH_TYPE ) ulCount;
 3871   1          }
 3872          
 3873          #endif /* ( ( configUSE_TRACE_FACILITY == 1 ) || ( INCLUDE_uxTaskGetStackHighWaterMark == 1 ) || ( INCLUD
             -E_uxTaskGetStackHighWaterMark2 == 1 ) ) */
 3874          /*-----------------------------------------------------------*/
 3875          
 3876          #if ( INCLUDE_uxTaskGetStackHighWaterMark2 == 1 )
               
               /* uxTaskGetStackHighWaterMark() and uxTaskGetStackHighWaterMark2() are the
                * same except for their return type.  Using configSTACK_DEPTH_TYPE allows the
                * user to determine the return type.  It gets around the problem of the value
                * overflowing on 8-bit types without breaking backward compatibility for
                * applications that expect an 8-bit return type. */
                   configSTACK_DEPTH_TYPE uxTaskGetStackHighWaterMark2( TaskHandle_t xTask )
                   {
                       TCB_t * pxTCB;
                       uint8_t * pucEndOfStack;
                       configSTACK_DEPTH_TYPE uxReturn;
               
                       /* uxTaskGetStackHighWaterMark() and uxTaskGetStackHighWaterMark2() are
                        * the same except for their return type.  Using configSTACK_DEPTH_TYPE
                        * allows the user to determine the return type.  It gets around the
                        * problem of the value overflowing on 8-bit types without breaking
                        * backward compatibility for applications that expect an 8-bit return
                        * type. */
               
                       pxTCB = prvGetTCBFromHandle( xTask );
               
                       #if portSTACK_GROWTH < 0
                       {
                           pucEndOfStack = ( uint8_t * ) pxTCB->pxStack;
                       }
C251 COMPILER V5.60.0,  tasks                                                              03/12/25  17:09:37  PAGE 62  

                       #else
                       {
                           pucEndOfStack = ( uint8_t * ) pxTCB->pxEndOfStack;
                       }
                       #endif
               
                       uxReturn = prvTaskCheckFreeStackSpace( pucEndOfStack );
               
                       return uxReturn;
                   }
               
               #endif /* INCLUDE_uxTaskGetStackHighWaterMark2 */
 3914          /*-----------------------------------------------------------*/
 3915          
 3916          #if ( INCLUDE_uxTaskGetStackHighWaterMark == 1 )
               
                   UBaseType_t uxTaskGetStackHighWaterMark( TaskHandle_t xTask )
                   {
                       TCB_t * pxTCB;
                       uint8_t * pucEndOfStack;
                       UBaseType_t uxReturn;
               
                       pxTCB = prvGetTCBFromHandle( xTask );
               
                       #if portSTACK_GROWTH < 0
                       {
                           pucEndOfStack = ( uint8_t * ) pxTCB->pxStack;
                       }
                       #else
                       {
                           pucEndOfStack = ( uint8_t * ) pxTCB->pxEndOfStack;
                       }
                       #endif
               
                       uxReturn = ( UBaseType_t ) prvTaskCheckFreeStackSpace( pucEndOfStack );
               
                       return uxReturn;
                   }
               
               #endif /* INCLUDE_uxTaskGetStackHighWaterMark */
 3942          /*-----------------------------------------------------------*/
 3943          
 3944          #if ( INCLUDE_vTaskDelete == 1 )
 3945          
 3946              static void prvDeleteTCB( TCB_t * pxTCB )
 3947              {
 3948   1              /* This call is required specifically for the TriCore port.  It must be
 3949   1               * above the vPortFree() calls.  The call is also used by ports/demos that
 3950   1               * want to allocate and clean RAM statically. */
 3951   1              portCLEAN_UP_TCB( pxTCB );
 3952   1      
 3953   1              #if ( ( configUSE_NEWLIB_REENTRANT == 1 ) || ( configUSE_C_RUNTIME_TLS_SUPPORT == 1 ) )
                       {
                           /* Free up the memory allocated for the task's TLS Block. */
                           configDEINIT_TLS_BLOCK( pxCurrentTCB->xTLSBlock );
                       }
                       #endif
 3959   1      
 3960   1              #if ( ( configSUPPORT_DYNAMIC_ALLOCATION == 1 ) && ( configSUPPORT_STATIC_ALLOCATION == 0 ) && ( 
             -portUSING_MPU_WRAPPERS == 0 ) )
 3961   1              {
 3962   2                  /* The task can only have been allocated dynamically - free both
 3963   2                   * the stack and TCB. */
 3964   2                  vPortFreeStack( pxTCB->pxStack );
 3965   2                  vPortFree( pxTCB );
 3966   2              }
C251 COMPILER V5.60.0,  tasks                                                              03/12/25  17:09:37  PAGE 63  

 3967   1              #elif ( tskSTATIC_AND_DYNAMIC_ALLOCATION_POSSIBLE != 0 ) /*lint !e731 !e9029 Macro has been conso
             -lidated for readability reasons. */
                       {
                           /* The task could have been allocated statically or dynamically, so
                            * check what was statically allocated before trying to free the
                            * memory. */
                           if( pxTCB->ucStaticallyAllocated == tskDYNAMICALLY_ALLOCATED_STACK_AND_TCB )
                           {
                               /* Both the stack and TCB were allocated dynamically, so both
                                * must be freed. */
                               vPortFreeStack( pxTCB->pxStack );
                               vPortFree( pxTCB );
                           }
                           else if( pxTCB->ucStaticallyAllocated == tskSTATICALLY_ALLOCATED_STACK_ONLY )
                           {
                               /* Only the stack was statically allocated, so the TCB is the
                                * only memory that must be freed. */
                               vPortFree( pxTCB );
                           }
                           else
                           {
                               /* Neither the stack nor the TCB were allocated dynamically, so
                                * nothing needs to be freed. */
                               configASSERT( pxTCB->ucStaticallyAllocated == tskSTATICALLY_ALLOCATED_STACK_AND_TCB );
                               mtCOVERAGE_TEST_MARKER();
                           }
                       }
                       #endif /* configSUPPORT_DYNAMIC_ALLOCATION */
 3994   1          }
 3995          
 3996          #endif /* INCLUDE_vTaskDelete */
 3997          /*-----------------------------------------------------------*/
 3998          
 3999          static void prvResetNextTaskUnblockTime( void )
 4000          {
 4001   1          if( listLIST_IS_EMPTY( pxDelayedTaskList ) != pdFALSE )
 4002   1          {
 4003   2              /* The new current delayed list is empty.  Set xNextTaskUnblockTime to
 4004   2               * the maximum possible value so it is  extremely unlikely that the
 4005   2               * if( xTickCount >= xNextTaskUnblockTime ) test will pass until
 4006   2               * there is an item in the delayed list. */
 4007   2              xNextTaskUnblockTime = portMAX_DELAY;
 4008   2          }
 4009   1          else
 4010   1          {
 4011   2              /* The new current delayed list is not empty, get the value of
 4012   2               * the item at the head of the delayed list.  This is the time at
 4013   2               * which the task at the head of the delayed list should be removed
 4014   2               * from the Blocked state. */
 4015   2              xNextTaskUnblockTime = listGET_ITEM_VALUE_OF_HEAD_ENTRY( pxDelayedTaskList );
 4016   2          }
 4017   1      }
 4018          /*-----------------------------------------------------------*/
 4019          
 4020          #if ( ( INCLUDE_xTaskGetCurrentTaskHandle == 1 ) || ( configUSE_MUTEXES == 1 ) )
 4021          
 4022              TaskHandle_t xTaskGetCurrentTaskHandle( void )
 4023              {
 4024   1              TaskHandle_t xReturn;
 4025   1      
 4026   1              /* A critical section is not required as this is not called from
 4027   1               * an interrupt and the current TCB will always be the same for any
 4028   1               * individual execution thread. */
 4029   1              xReturn = pxCurrentTCB;
 4030   1      
 4031   1              return xReturn;
C251 COMPILER V5.60.0,  tasks                                                              03/12/25  17:09:37  PAGE 64  

 4032   1          }
 4033          
 4034          #endif /* ( ( INCLUDE_xTaskGetCurrentTaskHandle == 1 ) || ( configUSE_MUTEXES == 1 ) ) */
 4035          /*-----------------------------------------------------------*/
 4036          
 4037          #if ( ( INCLUDE_xTaskGetSchedulerState == 1 ) || ( configUSE_TIMERS == 1 ) )
 4038          
 4039              BaseType_t xTaskGetSchedulerState( void )
 4040              {
 4041   1              BaseType_t xReturn;
 4042   1      
 4043   1              if( xSchedulerRunning == pdFALSE )
 4044   1              {
 4045   2                  xReturn = taskSCHEDULER_NOT_STARTED;
 4046   2              }
 4047   1              else
 4048   1              {
 4049   2                  if( uxSchedulerSuspended == ( UBaseType_t ) pdFALSE )
 4050   2                  {
 4051   3                      xReturn = taskSCHEDULER_RUNNING;
 4052   3                  }
 4053   2                  else
 4054   2                  {
 4055   3                      xReturn = taskSCHEDULER_SUSPENDED;
 4056   3                  }
 4057   2              }
 4058   1      
 4059   1              return xReturn;
 4060   1          }
 4061          
 4062          #endif /* ( ( INCLUDE_xTaskGetSchedulerState == 1 ) || ( configUSE_TIMERS == 1 ) ) */
 4063          /*-----------------------------------------------------------*/
 4064          
 4065          #if ( configUSE_MUTEXES == 1 )
 4066          
 4067              BaseType_t xTaskPriorityInherit( TaskHandle_t const pxMutexHolder )
 4068              {
 4069   1              TCB_t * const pxMutexHolderTCB = pxMutexHolder;
 4070   1              BaseType_t xReturn = pdFALSE;
 4071   1      
 4072   1              /* If the mutex was given back by an interrupt while the queue was
 4073   1               * locked then the mutex holder might now be NULL.  _RB_ Is this still
 4074   1               * needed as interrupts can no longer use mutexes? */
 4075   1              if( pxMutexHolder != NULL )
 4076   1              {
 4077   2                  /* If the holder of the mutex has a priority below the priority of
 4078   2                   * the task attempting to obtain the mutex then it will temporarily
 4079   2                   * inherit the priority of the task attempting to obtain the mutex. */
 4080   2                  if( pxMutexHolderTCB->uxPriority < pxCurrentTCB->uxPriority )
 4081   2                  {
 4082   3                      /* Adjust the mutex holder state to account for its new
 4083   3                       * priority.  Only reset the event list item value if the value is
 4084   3                       * not being used for anything else. */
 4085   3                      if( ( listGET_LIST_ITEM_VALUE( &( pxMutexHolderTCB->xEventListItem ) ) & taskEVENT_LIST_I
             -TEM_VALUE_IN_USE ) == 0UL )
 4086   3                      {
 4087   4                          listSET_LIST_ITEM_VALUE( &( pxMutexHolderTCB->xEventListItem ), ( TickType_t ) config
             -MAX_PRIORITIES - ( TickType_t ) pxCurrentTCB->uxPriority ); /*lint !e961 MISRA exception as the casts are only redundant
             - for some ports. */
 4088   4                      }
 4089   3                      else
 4090   3                      {
 4091   4                          mtCOVERAGE_TEST_MARKER();
 4092   4                      }
 4093   3      
 4094   3                      /* If the task being modified is in the ready state it will need
C251 COMPILER V5.60.0,  tasks                                                              03/12/25  17:09:37  PAGE 65  

 4095   3                       * to be moved into a new list. */
 4096   3                      if( listIS_CONTAINED_WITHIN( (List_t*)&( pxReadyTasksLists[ pxMutexHolderTCB->uxPriority 
             -] ), &( pxMutexHolderTCB->xStateListItem ) ) != pdFALSE )
 4097   3                      {
 4098   4                          if( uxListRemove( &( pxMutexHolderTCB->xStateListItem ) ) == ( UBaseType_t ) 0 )
 4099   4                          {
 4100   5                              /* It is known that the task is in its ready list so
 4101   5                               * there is no need to check again and the port level
 4102   5                               * reset macro can be called directly. */
 4103   5                              portRESET_READY_PRIORITY( pxMutexHolderTCB->uxPriority, uxTopReadyPriority );
 4104   5                          }
 4105   4                          else
 4106   4                          {
 4107   5                              mtCOVERAGE_TEST_MARKER();
 4108   5                          }
 4109   4      
 4110   4                          /* Inherit the priority before being moved into the new list. */
 4111   4                          pxMutexHolderTCB->uxPriority = pxCurrentTCB->uxPriority;
 4112   4                          prvAddTaskToReadyList( pxMutexHolderTCB );
 4113   4                      }
 4114   3                      else
 4115   3                      {
 4116   4                          /* Just inherit the priority. */
 4117   4                          pxMutexHolderTCB->uxPriority = pxCurrentTCB->uxPriority;
 4118   4                      }
 4119   3      
 4120   3                      traceTASK_PRIORITY_INHERIT( pxMutexHolderTCB, pxCurrentTCB->uxPriority );
 4121   3      
 4122   3                      /* Inheritance occurred. */
 4123   3                      xReturn = pdTRUE;
 4124   3                  }
 4125   2                  else
 4126   2                  {
 4127   3                      if( pxMutexHolderTCB->uxBasePriority < pxCurrentTCB->uxPriority )
 4128   3                      {
 4129   4                          /* The base priority of the mutex holder is lower than the
 4130   4                           * priority of the task attempting to take the mutex, but the
 4131   4                           * current priority of the mutex holder is not lower than the
 4132   4                           * priority of the task attempting to take the mutex.
 4133   4                           * Therefore the mutex holder must have already inherited a
 4134   4                           * priority, but inheritance would have occurred if that had
 4135   4                           * not been the case. */
 4136   4                          xReturn = pdTRUE;
 4137   4                      }
 4138   3                      else
 4139   3                      {
 4140   4                          mtCOVERAGE_TEST_MARKER();
 4141   4                      }
 4142   3                  }
 4143   2              }
 4144   1              else
 4145   1              {
 4146   2                  mtCOVERAGE_TEST_MARKER();
 4147   2              }
 4148   1      
 4149   1              return xReturn;
 4150   1          }
 4151          
 4152          #endif /* configUSE_MUTEXES */
 4153          /*-----------------------------------------------------------*/
 4154          
 4155          #if ( configUSE_MUTEXES == 1 )
 4156          
 4157              BaseType_t xTaskPriorityDisinherit( TaskHandle_t const pxMutexHolder )
 4158              {
 4159   1              TCB_t * const pxTCB = pxMutexHolder;
C251 COMPILER V5.60.0,  tasks                                                              03/12/25  17:09:37  PAGE 66  

 4160   1              BaseType_t xReturn = pdFALSE;
 4161   1      
 4162   1              if( pxMutexHolder != NULL )
 4163   1              {
 4164   2                  /* A task can only have an inherited priority if it holds the mutex.
 4165   2                   * If the mutex is held by a task then it cannot be given from an
 4166   2                   * interrupt, and if a mutex is given by the holding task then it must
 4167   2                   * be the running state task. */
 4168   2                  configASSERT( pxTCB == pxCurrentTCB );
 4169   2                  configASSERT( pxTCB->uxMutexesHeld );
 4170   2                  ( pxTCB->uxMutexesHeld )--;
 4171   2      
 4172   2                  /* Has the holder of the mutex inherited the priority of another
 4173   2                   * task? */
 4174   2                  if( pxTCB->uxPriority != pxTCB->uxBasePriority )
 4175   2                  {
 4176   3                      /* Only disinherit if no other mutexes are held. */
 4177   3                      if( pxTCB->uxMutexesHeld == ( UBaseType_t ) 0 )
 4178   3                      {
 4179   4                          /* A task can only have an inherited priority if it holds
 4180   4                           * the mutex.  If the mutex is held by a task then it cannot be
 4181   4                           * given from an interrupt, and if a mutex is given by the
 4182   4                           * holding task then it must be the running state task.  Remove
 4183   4                           * the holding task from the ready list. */
 4184   4                          if( uxListRemove( &( pxTCB->xStateListItem ) ) == ( UBaseType_t ) 0 )
 4185   4                          {
 4186   5                              portRESET_READY_PRIORITY( pxTCB->uxPriority, uxTopReadyPriority );
 4187   5                          }
 4188   4                          else
 4189   4                          {
 4190   5                              mtCOVERAGE_TEST_MARKER();
 4191   5                          }
 4192   4      
 4193   4                          /* Disinherit the priority before adding the task into the
 4194   4                           * new  ready list. */
 4195   4                          traceTASK_PRIORITY_DISINHERIT( pxTCB, pxTCB->uxBasePriority );
 4196   4                          pxTCB->uxPriority = pxTCB->uxBasePriority;
 4197   4      
 4198   4                          /* Reset the event list item value.  It cannot be in use for
 4199   4                           * any other purpose if this task is running, and it must be
 4200   4                           * running to give back the mutex. */
 4201   4                          listSET_LIST_ITEM_VALUE( &( pxTCB->xEventListItem ), ( TickType_t ) configMAX_PRIORIT
             -IES - ( TickType_t ) pxTCB->uxPriority ); /*lint !e961 MISRA exception as the casts are only redundant for some ports. *
             -/
 4202   4                          prvAddTaskToReadyList( pxTCB );
 4203   4      
 4204   4                          /* Return true to indicate that a context switch is required.
 4205   4                           * This is only actually required in the corner case whereby
 4206   4                           * multiple mutexes were held and the mutexes were given back
 4207   4                           * in an order different to that in which they were taken.
 4208   4                           * If a context switch did not occur when the first mutex was
 4209   4                           * returned, even if a task was waiting on it, then a context
 4210   4                           * switch should occur when the last mutex is returned whether
 4211   4                           * a task is waiting on it or not. */
 4212   4                          xReturn = pdTRUE;
 4213   4                      }
 4214   3                      else
 4215   3                      {
 4216   4                          mtCOVERAGE_TEST_MARKER();
 4217   4                      }
 4218   3                  }
 4219   2                  else
 4220   2                  {
 4221   3                      mtCOVERAGE_TEST_MARKER();
 4222   3                  }
 4223   2              }
C251 COMPILER V5.60.0,  tasks                                                              03/12/25  17:09:37  PAGE 67  

 4224   1              else
 4225   1              {
 4226   2                  mtCOVERAGE_TEST_MARKER();
 4227   2              }
 4228   1      
 4229   1              return xReturn;
 4230   1          }
 4231          
 4232          #endif /* configUSE_MUTEXES */
 4233          /*-----------------------------------------------------------*/
 4234          
 4235          #if ( configUSE_MUTEXES == 1 )
 4236          
 4237              void vTaskPriorityDisinheritAfterTimeout( TaskHandle_t const pxMutexHolder,
 4238                                                        UBaseType_t uxHighestPriorityWaitingTask )
 4239              {
 4240   1              TCB_t * const pxTCB = pxMutexHolder;
 4241   1              UBaseType_t uxPriorityUsedOnEntry, uxPriorityToUse;
 4242   1              const UBaseType_t uxOnlyOneMutexHeld = ( UBaseType_t ) 1;
 4243   1      
 4244   1              if( pxMutexHolder != NULL )
 4245   1              {
 4246   2                  /* If pxMutexHolder is not NULL then the holder must hold at least
 4247   2                   * one mutex. */
 4248   2                  configASSERT( pxTCB->uxMutexesHeld );
 4249   2      
 4250   2                  /* Determine the priority to which the priority of the task that
 4251   2                   * holds the mutex should be set.  This will be the greater of the
 4252   2                   * holding task's base priority and the priority of the highest
 4253   2                   * priority task that is waiting to obtain the mutex. */
 4254   2                  if( pxTCB->uxBasePriority < uxHighestPriorityWaitingTask )
 4255   2                  {
 4256   3                      uxPriorityToUse = uxHighestPriorityWaitingTask;
 4257   3                  }
 4258   2                  else
 4259   2                  {
 4260   3                      uxPriorityToUse = pxTCB->uxBasePriority;
 4261   3                  }
 4262   2      
 4263   2                  /* Does the priority need to change? */
 4264   2                  if( pxTCB->uxPriority != uxPriorityToUse )
 4265   2                  {
 4266   3                      /* Only disinherit if no other mutexes are held.  This is a
 4267   3                       * simplification in the priority inheritance implementation.  If
 4268   3                       * the task that holds the mutex is also holding other mutexes then
 4269   3                       * the other mutexes may have caused the priority inheritance. */
 4270   3                      if( pxTCB->uxMutexesHeld == uxOnlyOneMutexHeld )
 4271   3                      {
 4272   4                          /* If a task has timed out because it already holds the
 4273   4                           * mutex it was trying to obtain then it cannot of inherited
 4274   4                           * its own priority. */
 4275   4                          configASSERT( pxTCB != pxCurrentTCB );
 4276   4      
 4277   4                          /* Disinherit the priority, remembering the previous
 4278   4                           * priority to facilitate determining the subject task's
 4279   4                           * state. */
 4280   4                          traceTASK_PRIORITY_DISINHERIT( pxTCB, uxPriorityToUse );
 4281   4                          uxPriorityUsedOnEntry = pxTCB->uxPriority;
 4282   4                          pxTCB->uxPriority = uxPriorityToUse;
 4283   4      
 4284   4                          /* Only reset the event list item value if the value is not
 4285   4                           * being used for anything else. */
 4286   4                          if( ( listGET_LIST_ITEM_VALUE( &( pxTCB->xEventListItem ) ) & taskEVENT_LIST_ITEM_VAL
             -UE_IN_USE ) == 0UL )
 4287   4                          {
 4288   5                              listSET_LIST_ITEM_VALUE( &( pxTCB->xEventListItem ), ( TickType_t ) configMAX_PRI
C251 COMPILER V5.60.0,  tasks                                                              03/12/25  17:09:37  PAGE 68  

             -ORITIES - ( TickType_t ) uxPriorityToUse ); /*lint !e961 MISRA exception as the casts are only redundant for some ports.
             - */
 4289   5                          }
 4290   4                          else
 4291   4                          {
 4292   5                              mtCOVERAGE_TEST_MARKER();
 4293   5                          }
 4294   4      
 4295   4                          /* If the running task is not the task that holds the mutex
 4296   4                           * then the task that holds the mutex could be in either the
 4297   4                           * Ready, Blocked or Suspended states.  Only remove the task
 4298   4                           * from its current state list if it is in the Ready state as
 4299   4                           * the task's priority is going to change and there is one
 4300   4                           * Ready list per priority. */
 4301   4                          if( listIS_CONTAINED_WITHIN( (List_t*)&( pxReadyTasksLists[ uxPriorityUsedOnEntry ] )
             -, &( pxTCB->xStateListItem ) ) != pdFALSE )
 4302   4                          {
 4303   5                              if( uxListRemove( &( pxTCB->xStateListItem ) ) == ( UBaseType_t ) 0 )
 4304   5                              {
 4305   6                                  /* It is known that the task is in its ready list so
 4306   6                                   * there is no need to check again and the port level
 4307   6                                   * reset macro can be called directly. */
 4308   6                                  portRESET_READY_PRIORITY( pxTCB->uxPriority, uxTopReadyPriority );
 4309   6                              }
 4310   5                              else
 4311   5                              {
 4312   6                                  mtCOVERAGE_TEST_MARKER();
 4313   6                              }
 4314   5      
 4315   5                              prvAddTaskToReadyList( pxTCB );
 4316   5                          }
 4317   4                          else
 4318   4                          {
 4319   5                              mtCOVERAGE_TEST_MARKER();
 4320   5                          }
 4321   4                      }
 4322   3                      else
 4323   3                      {
 4324   4                          mtCOVERAGE_TEST_MARKER();
 4325   4                      }
 4326   3                  }
 4327   2                  else
 4328   2                  {
 4329   3                      mtCOVERAGE_TEST_MARKER();
 4330   3                  }
 4331   2              }
 4332   1              else
 4333   1              {
 4334   2                  mtCOVERAGE_TEST_MARKER();
 4335   2              }
 4336   1          }
 4337          
 4338          #endif /* configUSE_MUTEXES */
 4339          /*-----------------------------------------------------------*/
 4340          
 4341          #if ( portCRITICAL_NESTING_IN_TCB == 1 )
               
                   void vTaskEnterCritical( void )
                   {
                       portDISABLE_INTERRUPTS();
               
                       if( xSchedulerRunning != pdFALSE )
                       {
                           ( pxCurrentTCB->uxCriticalNesting )++;
               
                           /* This is not the interrupt safe version of the enter critical
C251 COMPILER V5.60.0,  tasks                                                              03/12/25  17:09:37  PAGE 69  

                            * function so  assert() if it is being called from an interrupt
                            * context.  Only API functions that end in "FromISR" can be used in an
                            * interrupt.  Only assert if the critical nesting count is 1 to
                            * protect against recursive calls if the assert function also uses a
                            * critical section. */
                           if( pxCurrentTCB->uxCriticalNesting == 1 )
                           {
                               portASSERT_IF_IN_ISR();
                           }
                       }
                       else
                       {
                           mtCOVERAGE_TEST_MARKER();
                       }
                   }
               
               #endif /* portCRITICAL_NESTING_IN_TCB */
 4369          /*-----------------------------------------------------------*/
 4370          
 4371          #if ( portCRITICAL_NESTING_IN_TCB == 1 )
               
                   void vTaskExitCritical( void )
                   {
                       if( xSchedulerRunning != pdFALSE )
                       {
                           if( pxCurrentTCB->uxCriticalNesting > 0U )
                           {
                               ( pxCurrentTCB->uxCriticalNesting )--;
               
                               if( pxCurrentTCB->uxCriticalNesting == 0U )
                               {
                                   portENABLE_INTERRUPTS();
                               }
                               else
                               {
                                   mtCOVERAGE_TEST_MARKER();
                               }
                           }
                           else
                           {
                               mtCOVERAGE_TEST_MARKER();
                           }
                       }
                       else
                       {
                           mtCOVERAGE_TEST_MARKER();
                       }
                   }
               
               #endif /* portCRITICAL_NESTING_IN_TCB */
 4402          /*-----------------------------------------------------------*/
 4403          
 4404          #if ( configUSE_STATS_FORMATTING_FUNCTIONS > 0 )
 4405          
 4406              static char * prvWriteNameToBuffer( char * pcBuffer,
 4407                                                  const char * pcTaskName )
 4408              {
 4409   1              size_t x;
 4410   1      
 4411   1              /* Start by copying the entire string. */
 4412   1              strcpy( pcBuffer, pcTaskName );
 4413   1      
 4414   1              /* Pad the end of the string with spaces to ensure columns line up when
 4415   1               * printed out. */
 4416   1              for( x = strlen( pcBuffer ); x < ( size_t ) ( configMAX_TASK_NAME_LEN - 1 ); x++ )
 4417   1              {
C251 COMPILER V5.60.0,  tasks                                                              03/12/25  17:09:37  PAGE 70  

 4418   2                  pcBuffer[ x ] = ' ';
 4419   2              }
 4420   1      
 4421   1              /* Terminate. */
 4422   1              pcBuffer[ x ] = ( char ) 0x00;
 4423   1      
 4424   1              /* Return the new end of string. */
 4425   1              return &( pcBuffer[ x ] );
 4426   1          }
 4427          
 4428          #endif /* ( configUSE_STATS_FORMATTING_FUNCTIONS > 0 ) */
 4429          /*-----------------------------------------------------------*/
 4430          
 4431          #if ( ( configUSE_TRACE_FACILITY == 1 ) && ( configUSE_STATS_FORMATTING_FUNCTIONS > 0 ) )
 4432          
 4433              void vTaskList( char * pcWriteBuffer )
 4434              {
 4435   1              TaskStatus_t * pxTaskStatusArray;
 4436   1              UBaseType_t uxArraySize, x;
 4437   1              char cStatus;
 4438   1      
 4439   1              /*
 4440   1               * PLEASE NOTE:
 4441   1               *
 4442   1               * This function is provided for convenience only, and is used by many
 4443   1               * of the demo applications.  Do not consider it to be part of the
 4444   1               * scheduler.
 4445   1               *
 4446   1               * vTaskList() calls uxTaskGetSystemState(), then formats part of the
 4447   1               * uxTaskGetSystemState() output into a human readable table that
 4448   1               * displays task: names, states, priority, stack usage and task number.
 4449   1               * Stack usage specified as the number of unused StackType_t words stack can hold
 4450   1               * on top of stack - not the number of bytes.
 4451   1               *
 4452   1               * vTaskList() has a dependency on the sprintf() C library function that
 4453   1               * might bloat the code size, use a lot of stack, and provide different
 4454   1               * results on different platforms.  An alternative, tiny, third party,
 4455   1               * and limited functionality implementation of sprintf() is provided in
 4456   1               * many of the FreeRTOS/Demo sub-directories in a file called
 4457   1               * printf-stdarg.c (note printf-stdarg.c does not provide a full
 4458   1               * snprintf() implementation!).
 4459   1               *
 4460   1               * It is recommended that production systems call uxTaskGetSystemState()
 4461   1               * directly to get access to raw stats data, rather than indirectly
 4462   1               * through a call to vTaskList().
 4463   1               */
 4464   1      
 4465   1      
 4466   1              /* Make sure the write buffer does not contain a string. */
 4467   1              *pcWriteBuffer = ( char ) 0x00;
 4468   1      
 4469   1              /* Take a snapshot of the number of tasks in case it changes while this
 4470   1               * function is executing. */
 4471   1              uxArraySize = uxCurrentNumberOfTasks;
 4472   1      
 4473   1              /* Allocate an array index for each task.  NOTE!  if
 4474   1               * configSUPPORT_DYNAMIC_ALLOCATION is set to 0 then pvPortMalloc() will
 4475   1               * equate to NULL. */
 4476   1              pxTaskStatusArray = pvPortMalloc( uxCurrentNumberOfTasks * sizeof( TaskStatus_t ) ); /*lint !e907
             -9 All values returned by pvPortMalloc() have at least the alignment required by the MCU's stack and this allocation allo
             -cates a struct that has the alignment requirements of a pointer. */
 4477   1      
 4478   1              if( pxTaskStatusArray != NULL )
 4479   1              {
 4480   2                  /* Generate the (binary) data. */
 4481   2                  uxArraySize = uxTaskGetSystemState( pxTaskStatusArray, uxArraySize, NULL );
C251 COMPILER V5.60.0,  tasks                                                              03/12/25  17:09:37  PAGE 71  

 4482   2      
 4483   2                  /* Create a human readable table from the binary data. */
 4484   2                  for( x = 0; x < uxArraySize; x++ )
 4485   2                  {
 4486   3                      switch( pxTaskStatusArray[ x ].eCurrentState )
 4487   3                      {
 4488   4                          case eRunning:
 4489   4                              cStatus = tskRUNNING_CHAR;
 4490   4                              break;
 4491   4      
 4492   4                          case eReady:
 4493   4                              cStatus = tskREADY_CHAR;
 4494   4                              break;
 4495   4      
 4496   4                          case eBlocked:
 4497   4                              cStatus = tskBLOCKED_CHAR;
 4498   4                              break;
 4499   4      
 4500   4                          case eSuspended:
 4501   4                              cStatus = tskSUSPENDED_CHAR;
 4502   4                              break;
 4503   4      
 4504   4                          case eDeleted:
 4505   4                              cStatus = tskDELETED_CHAR;
 4506   4                              break;
 4507   4      
 4508   4                          case eInvalid: /* Fall through. */
 4509   4                          default:       /* Should not get here, but it is included
 4510   4                                          * to prevent static checking errors. */
 4511   4                              cStatus = ( char ) 0x00;
 4512   4                              break;
 4513   4                      }
 4514   3      
 4515   3                      /* Write the task name to the string, padding with spaces so it
 4516   3                       * can be printed in tabular form more easily. */
 4517   3                      pcWriteBuffer = prvWriteNameToBuffer( pcWriteBuffer, pxTaskStatusArray[ x ].pcTaskName );
 4518   3      
 4519   3                      /* Write the rest of the string. */
 4520   3                      sprintf( pcWriteBuffer, "\t%c\t%u\t%u\t%u\r\n", cStatus, ( unsigned int ) pxTaskStatusArr
             -ay[ x ].uxCurrentPriority, ( unsigned int ) pxTaskStatusArray[ x ].usStackHighWaterMark, ( unsigned int ) pxTaskStatusAr
             -ray[ x ].xTaskNumber ); /*lint !e586 sprintf() allowed as this is compiled with many compilers and this is a utility fun
             -ction only - not part of the core kernel implementation. */
 4521   3                      pcWriteBuffer += strlen( pcWriteBuffer );                                                
             -                                                                                                                        
             -                        /*lint !e9016 Pointer arithmetic ok on char pointers especially as in this case where it best de
             -notes the intent of the code. */
 4522   3                  }
 4523   2      
 4524   2                  /* Free the array again.  NOTE!  If configSUPPORT_DYNAMIC_ALLOCATION
 4525   2                   * is 0 then vPortFree() will be #defined to nothing. */
 4526   2                  vPortFree( pxTaskStatusArray );
 4527   2              }
 4528   1              else
 4529   1              {
 4530   2                  mtCOVERAGE_TEST_MARKER();
 4531   2              }
 4532   1          }
 4533          
 4534          #endif /* ( ( configUSE_TRACE_FACILITY == 1 ) && ( configUSE_STATS_FORMATTING_FUNCTIONS > 0 ) ) */
 4535          /*----------------------------------------------------------*/
 4536          
 4537          #if ( ( configGENERATE_RUN_TIME_STATS == 1 ) && ( configUSE_STATS_FORMATTING_FUNCTIONS > 0 ) && ( configU
             -SE_TRACE_FACILITY == 1 ) )
 4538          
 4539              void vTaskGetRunTimeStats( char * pcWriteBuffer )
 4540              {
C251 COMPILER V5.60.0,  tasks                                                              03/12/25  17:09:37  PAGE 72  

 4541   1              TaskStatus_t * pxTaskStatusArray;
 4542   1              UBaseType_t uxArraySize, x;
 4543   1              configRUN_TIME_COUNTER_TYPE ulTotalTime, ulStatsAsPercentage;
 4544   1      
 4545   1              /*
 4546   1               * PLEASE NOTE:
 4547   1               *
 4548   1               * This function is provided for convenience only, and is used by many
 4549   1               * of the demo applications.  Do not consider it to be part of the
 4550   1               * scheduler.
 4551   1               *
 4552   1               * vTaskGetRunTimeStats() calls uxTaskGetSystemState(), then formats part
 4553   1               * of the uxTaskGetSystemState() output into a human readable table that
 4554   1               * displays the amount of time each task has spent in the Running state
 4555   1               * in both absolute and percentage terms.
 4556   1               *
 4557   1               * vTaskGetRunTimeStats() has a dependency on the sprintf() C library
 4558   1               * function that might bloat the code size, use a lot of stack, and
 4559   1               * provide different results on different platforms.  An alternative,
 4560   1               * tiny, third party, and limited functionality implementation of
 4561   1               * sprintf() is provided in many of the FreeRTOS/Demo sub-directories in
 4562   1               * a file called printf-stdarg.c (note printf-stdarg.c does not provide
 4563   1               * a full snprintf() implementation!).
 4564   1               *
 4565   1               * It is recommended that production systems call uxTaskGetSystemState()
 4566   1               * directly to get access to raw stats data, rather than indirectly
 4567   1               * through a call to vTaskGetRunTimeStats().
 4568   1               */
 4569   1      
 4570   1              /* Make sure the write buffer does not contain a string. */
 4571   1              *pcWriteBuffer = ( char ) 0x00;
 4572   1      
 4573   1              /* Take a snapshot of the number of tasks in case it changes while this
 4574   1               * function is executing. */
 4575   1              uxArraySize = uxCurrentNumberOfTasks;
 4576   1      
 4577   1              /* Allocate an array index for each task.  NOTE!  If
 4578   1               * configSUPPORT_DYNAMIC_ALLOCATION is set to 0 then pvPortMalloc() will
 4579   1               * equate to NULL. */
 4580   1              pxTaskStatusArray = pvPortMalloc( uxCurrentNumberOfTasks * sizeof( TaskStatus_t ) ); /*lint !e907
             -9 All values returned by pvPortMalloc() have at least the alignment required by the MCU's stack and this allocation allo
             -cates a struct that has the alignment requirements of a pointer. */
 4581   1      
 4582   1              if( pxTaskStatusArray != NULL )
 4583   1              {
 4584   2                  /* Generate the (binary) data. */
 4585   2                  uxArraySize = uxTaskGetSystemState( pxTaskStatusArray, uxArraySize, &ulTotalTime );
 4586   2      
 4587   2                  /* For percentage calculations. */
 4588   2                  ulTotalTime /= 100UL;
 4589   2      
 4590   2                  /* Avoid divide by zero errors. */
 4591   2                  if( ulTotalTime > 0UL )
 4592   2                  {
 4593   3                      /* Create a human readable table from the binary data. */
 4594   3                      for( x = 0; x < uxArraySize; x++ )
 4595   3                      {
 4596   4                          /* What percentage of the total run time has the task used?
 4597   4                           * This will always be rounded down to the nearest integer.
 4598   4                           * ulTotalRunTime has already been divided by 100. */
 4599   4                          ulStatsAsPercentage = pxTaskStatusArray[ x ].ulRunTimeCounter / ulTotalTime;
 4600   4      
 4601   4                          /* Write the task name to the string, padding with
 4602   4                           * spaces so it can be printed in tabular form more
 4603   4                           * easily. */
 4604   4                          pcWriteBuffer = prvWriteNameToBuffer( pcWriteBuffer, pxTaskStatusArray[ x ].pcTaskNam
C251 COMPILER V5.60.0,  tasks                                                              03/12/25  17:09:37  PAGE 73  

             -e );
 4605   4      
 4606   4                          if( ulStatsAsPercentage > 0UL )
 4607   4                          {
 4608   5                              #ifdef portLU_PRINTF_SPECIFIER_REQUIRED
                                       {
                                           sprintf( pcWriteBuffer, "\t%lu\t\t%lu%%\r\n", pxTaskStatusArray[ x ].ulRunTim
             -eCounter, ulStatsAsPercentage );
                                       }
                                       #else
 4613   5                              {
 4614   6                                  /* sizeof( int ) == sizeof( long ) so a smaller
 4615   6                                   * printf() library can be used. */
 4616   6                                  sprintf( pcWriteBuffer, "\t%u\t\t%u%%\r\n", ( unsigned int ) pxTaskStatusArra
             -y[ x ].ulRunTimeCounter, ( unsigned int ) ulStatsAsPercentage ); /*lint !e586 sprintf() allowed as this is compiled with
             - many compilers and this is a utility function only - not part of the core kernel implementation. */
 4617   6                              }
 4618   5                              #endif
 4619   5                          }
 4620   4                          else
 4621   4                          {
 4622   5                              /* If the percentage is zero here then the task has
 4623   5                               * consumed less than 1% of the total run time. */
 4624   5                              #ifdef portLU_PRINTF_SPECIFIER_REQUIRED
                                       {
                                           sprintf( pcWriteBuffer, "\t%lu\t\t<1%%\r\n", pxTaskStatusArray[ x ].ulRunTime
             -Counter );
                                       }
                                       #else
 4629   5                              {
 4630   6                                  /* sizeof( int ) == sizeof( long ) so a smaller
 4631   6                                   * printf() library can be used. */
 4632   6                                  sprintf( pcWriteBuffer, "\t%u\t\t<1%%\r\n", ( unsigned int ) pxTaskStatusArra
             -y[ x ].ulRunTimeCounter ); /*lint !e586 sprintf() allowed as this is compiled with many compilers and this is a utility 
             -function only - not part of the core kernel implementation. */
 4633   6                              }
 4634   5                              #endif
 4635   5                          }
 4636   4      
 4637   4                          pcWriteBuffer += strlen( pcWriteBuffer ); /*lint !e9016 Pointer arithmetic ok on char
             - pointers especially as in this case where it best denotes the intent of the code. */
 4638   4                      }
 4639   3                  }
 4640   2                  else
 4641   2                  {
 4642   3                      mtCOVERAGE_TEST_MARKER();
 4643   3                  }
 4644   2      
 4645   2                  /* Free the array again.  NOTE!  If configSUPPORT_DYNAMIC_ALLOCATION
 4646   2                   * is 0 then vPortFree() will be #defined to nothing. */
 4647   2                  vPortFree( pxTaskStatusArray );
 4648   2              }
 4649   1              else
 4650   1              {
 4651   2                  mtCOVERAGE_TEST_MARKER();
 4652   2              }
 4653   1          }
 4654          
 4655          #endif /* ( ( configGENERATE_RUN_TIME_STATS == 1 ) && ( configUSE_STATS_FORMATTING_FUNCTIONS > 0 ) ) */
 4656          /*-----------------------------------------------------------*/
 4657          
 4658          TickType_t uxTaskResetEventItemValue( void )
 4659          {
 4660   1          TickType_t uxReturn;
 4661   1      
 4662   1          uxReturn = listGET_LIST_ITEM_VALUE( &( pxCurrentTCB->xEventListItem ) );
C251 COMPILER V5.60.0,  tasks                                                              03/12/25  17:09:37  PAGE 74  

 4663   1      
 4664   1          /* Reset the event list item to its normal value - so it can be used with
 4665   1           * queues and semaphores. */
 4666   1          listSET_LIST_ITEM_VALUE( &( pxCurrentTCB->xEventListItem ), ( ( TickType_t ) configMAX_PRIORITIES - (
             - TickType_t ) pxCurrentTCB->uxPriority ) ); /*lint !e961 MISRA exception as the casts are only redundant for some ports.
             - */
 4667   1      
 4668   1          return uxReturn;
 4669   1      }
 4670          /*-----------------------------------------------------------*/
 4671          
 4672          #if ( configUSE_MUTEXES == 1 )
 4673          
 4674              TaskHandle_t pvTaskIncrementMutexHeldCount( void )
 4675              {
 4676   1              /* If xSemaphoreCreateMutex() is called before any tasks have been created
 4677   1               * then pxCurrentTCB will be NULL. */
 4678   1              if( pxCurrentTCB != NULL )
 4679   1              {
 4680   2                  ( pxCurrentTCB->uxMutexesHeld )++;
 4681   2              }
 4682   1      
 4683   1              return pxCurrentTCB;
 4684   1          }
 4685          
 4686          #endif /* configUSE_MUTEXES */
 4687          /*-----------------------------------------------------------*/
 4688          
 4689          #if ( configUSE_TASK_NOTIFICATIONS == 1 )
 4690          
 4691              uint32_t ulTaskGenericNotifyTake( UBaseType_t uxIndexToWait,
 4692                                                BaseType_t xClearCountOnExit,
 4693                                                TickType_t xTicksToWait )
 4694              {
 4695   1              uint32_t ulReturn;
 4696   1      
 4697   1              configASSERT( uxIndexToWait < configTASK_NOTIFICATION_ARRAY_ENTRIES );
 4698   1      
 4699   1              taskENTER_CRITICAL();
 4700   1              {
 4701   2                  /* Only block if the notification count is not already non-zero. */
 4702   2                  if( pxCurrentTCB->ulNotifiedValue[ uxIndexToWait ] == 0UL )
 4703   2                  {
 4704   3                      /* Mark this task as waiting for a notification. */
 4705   3                      pxCurrentTCB->ucNotifyState[ uxIndexToWait ] = taskWAITING_NOTIFICATION;
 4706   3      
 4707   3                      if( xTicksToWait > ( TickType_t ) 0 )
 4708   3                      {
 4709   4                          prvAddCurrentTaskToDelayedList( xTicksToWait, pdTRUE );
 4710   4                          traceTASK_NOTIFY_TAKE_BLOCK( uxIndexToWait );
 4711   4      
 4712   4                          /* All ports are written to allow a yield in a critical
 4713   4                           * section (some will yield immediately, others wait until the
 4714   4                           * critical section exits) - but it is not something that
 4715   4                           * application code should ever do. */
 4716   4                          portYIELD_WITHIN_API();
 4717   4                      }
 4718   3                      else
 4719   3                      {
 4720   4                          mtCOVERAGE_TEST_MARKER();
 4721   4                      }
 4722   3                  }
 4723   2                  else
 4724   2                  {
 4725   3                      mtCOVERAGE_TEST_MARKER();
 4726   3                  }
C251 COMPILER V5.60.0,  tasks                                                              03/12/25  17:09:37  PAGE 75  

 4727   2              }
 4728   1              taskEXIT_CRITICAL();
 4729   1      
 4730   1              taskENTER_CRITICAL();
 4731   1              {
 4732   2                  traceTASK_NOTIFY_TAKE( uxIndexToWait );
 4733   2                  ulReturn = pxCurrentTCB->ulNotifiedValue[ uxIndexToWait ];
 4734   2      
 4735   2                  if( ulReturn != 0UL )
 4736   2                  {
 4737   3                      if( xClearCountOnExit != pdFALSE )
 4738   3                      {
 4739   4                          pxCurrentTCB->ulNotifiedValue[ uxIndexToWait ] = 0UL;
 4740   4                      }
 4741   3                      else
 4742   3                      {
 4743   4                          pxCurrentTCB->ulNotifiedValue[ uxIndexToWait ] = ulReturn - ( uint32_t ) 1;
 4744   4                      }
 4745   3                  }
 4746   2                  else
 4747   2                  {
 4748   3                      mtCOVERAGE_TEST_MARKER();
 4749   3                  }
 4750   2      
 4751   2                  pxCurrentTCB->ucNotifyState[ uxIndexToWait ] = taskNOT_WAITING_NOTIFICATION;
 4752   2              }
 4753   1              taskEXIT_CRITICAL();
 4754   1      
 4755   1              return ulReturn;
 4756   1          }
 4757          
 4758          #endif /* configUSE_TASK_NOTIFICATIONS */
 4759          /*-----------------------------------------------------------*/
 4760          
 4761          #if ( configUSE_TASK_NOTIFICATIONS == 1 )
 4762          
 4763              BaseType_t xTaskGenericNotifyWait( UBaseType_t uxIndexToWait,
 4764                                                 uint32_t ulBitsToClearOnEntry,
 4765                                                 uint32_t ulBitsToClearOnExit,
 4766                                                 uint32_t * pulNotificationValue,
 4767                                                 TickType_t xTicksToWait )
 4768              {
 4769   1              BaseType_t xReturn;
 4770   1      
 4771   1              configASSERT( uxIndexToWait < configTASK_NOTIFICATION_ARRAY_ENTRIES );
 4772   1      
 4773   1              taskENTER_CRITICAL();
 4774   1              {
 4775   2                  /* Only block if a notification is not already pending. */
 4776   2                  if( pxCurrentTCB->ucNotifyState[ uxIndexToWait ] != taskNOTIFICATION_RECEIVED )
 4777   2                  {
 4778   3                      /* Clear bits in the task's notification value as bits may get
 4779   3                       * set  by the notifying task or interrupt.  This can be used to
 4780   3                       * clear the value to zero. */
 4781   3                      pxCurrentTCB->ulNotifiedValue[ uxIndexToWait ] &= ~ulBitsToClearOnEntry;
 4782   3      
 4783   3                      /* Mark this task as waiting for a notification. */
 4784   3                      pxCurrentTCB->ucNotifyState[ uxIndexToWait ] = taskWAITING_NOTIFICATION;
 4785   3      
 4786   3                      if( xTicksToWait > ( TickType_t ) 0 )
 4787   3                      {
 4788   4                          prvAddCurrentTaskToDelayedList( xTicksToWait, pdTRUE );
 4789   4                          traceTASK_NOTIFY_WAIT_BLOCK( uxIndexToWait );
 4790   4      
 4791   4                          /* All ports are written to allow a yield in a critical
 4792   4                           * section (some will yield immediately, others wait until the
C251 COMPILER V5.60.0,  tasks                                                              03/12/25  17:09:37  PAGE 76  

 4793   4                           * critical section exits) - but it is not something that
 4794   4                           * application code should ever do. */
 4795   4                          portYIELD_WITHIN_API();
 4796   4                      }
 4797   3                      else
 4798   3                      {
 4799   4                          mtCOVERAGE_TEST_MARKER();
 4800   4                      }
 4801   3                  }
 4802   2                  else
 4803   2                  {
 4804   3                      mtCOVERAGE_TEST_MARKER();
 4805   3                  }
 4806   2              }
 4807   1              taskEXIT_CRITICAL();
 4808   1      
 4809   1              taskENTER_CRITICAL();
 4810   1              {
 4811   2                  traceTASK_NOTIFY_WAIT( uxIndexToWait );
 4812   2      
 4813   2                  if( pulNotificationValue != NULL )
 4814   2                  {
 4815   3                      /* Output the current notification value, which may or may not
 4816   3                       * have changed. */
 4817   3                      *pulNotificationValue = pxCurrentTCB->ulNotifiedValue[ uxIndexToWait ];
 4818   3                  }
 4819   2      
 4820   2                  /* If ucNotifyValue is set then either the task never entered the
 4821   2                   * blocked state (because a notification was already pending) or the
 4822   2                   * task unblocked because of a notification.  Otherwise the task
 4823   2                   * unblocked because of a timeout. */
 4824   2                  if( pxCurrentTCB->ucNotifyState[ uxIndexToWait ] != taskNOTIFICATION_RECEIVED )
 4825   2                  {
 4826   3                      /* A notification was not received. */
 4827   3                      xReturn = pdFALSE;
 4828   3                  }
 4829   2                  else
 4830   2                  {
 4831   3                      /* A notification was already pending or a notification was
 4832   3                       * received while the task was waiting. */
 4833   3                      pxCurrentTCB->ulNotifiedValue[ uxIndexToWait ] &= ~ulBitsToClearOnExit;
 4834   3                      xReturn = pdTRUE;
 4835   3                  }
 4836   2      
 4837   2                  pxCurrentTCB->ucNotifyState[ uxIndexToWait ] = taskNOT_WAITING_NOTIFICATION;
 4838   2              }
 4839   1              taskEXIT_CRITICAL();
 4840   1      
 4841   1              return xReturn;
 4842   1          }
 4843          
 4844          #endif /* configUSE_TASK_NOTIFICATIONS */
 4845          /*-----------------------------------------------------------*/
 4846          
 4847          #if ( configUSE_TASK_NOTIFICATIONS == 1 )
 4848          
 4849              BaseType_t xTaskGenericNotify( TaskHandle_t xTaskToNotify,
 4850                                             UBaseType_t uxIndexToNotify,
 4851                                             uint32_t ulValue,
 4852                                             eNotifyAction eAction,
 4853                                             uint32_t * pulPreviousNotificationValue )
 4854              {
 4855   1              TCB_t * pxTCB;
 4856   1              BaseType_t xReturn = pdPASS;
 4857   1              uint8_t ucOriginalNotifyState;
 4858   1      
C251 COMPILER V5.60.0,  tasks                                                              03/12/25  17:09:37  PAGE 77  

 4859   1              configASSERT( uxIndexToNotify < configTASK_NOTIFICATION_ARRAY_ENTRIES );
 4860   1              configASSERT( xTaskToNotify );
 4861   1              pxTCB = xTaskToNotify;
 4862   1      
 4863   1              taskENTER_CRITICAL();
 4864   1              {
 4865   2                  if( pulPreviousNotificationValue != NULL )
 4866   2                  {
 4867   3                      *pulPreviousNotificationValue = pxTCB->ulNotifiedValue[ uxIndexToNotify ];
 4868   3                  }
 4869   2      
 4870   2                  ucOriginalNotifyState = pxTCB->ucNotifyState[ uxIndexToNotify ];
 4871   2      
 4872   2                  pxTCB->ucNotifyState[ uxIndexToNotify ] = taskNOTIFICATION_RECEIVED;
 4873   2      
 4874   2                  switch( eAction )
 4875   2                  {
 4876   3                      case eSetBits:
 4877   3                          pxTCB->ulNotifiedValue[ uxIndexToNotify ] |= ulValue;
 4878   3                          break;
 4879   3      
 4880   3                      case eIncrement:
 4881   3                          ( pxTCB->ulNotifiedValue[ uxIndexToNotify ] )++;
 4882   3                          break;
 4883   3      
 4884   3                      case eSetValueWithOverwrite:
 4885   3                          pxTCB->ulNotifiedValue[ uxIndexToNotify ] = ulValue;
 4886   3                          break;
 4887   3      
 4888   3                      case eSetValueWithoutOverwrite:
 4889   3      
 4890   3                          if( ucOriginalNotifyState != taskNOTIFICATION_RECEIVED )
 4891   3                          {
 4892   4                              pxTCB->ulNotifiedValue[ uxIndexToNotify ] = ulValue;
 4893   4                          }
 4894   3                          else
 4895   3                          {
 4896   4                              /* The value could not be written to the task. */
 4897   4                              xReturn = pdFAIL;
 4898   4                          }
 4899   3      
 4900   3                          break;
 4901   3      
 4902   3                      case eNoAction:
 4903   3      
 4904   3                          /* The task is being notified without its notify value being
 4905   3                           * updated. */
 4906   3                          break;
 4907   3      
 4908   3                      default:
 4909   3      
 4910   3                          /* Should not get here if all enums are handled.
 4911   3                           * Artificially force an assert by testing a value the
 4912   3                           * compiler can't assume is const. */
 4913   3                          configASSERT( xTickCount == ( TickType_t ) 0 );
 4914   3      
 4915   3                          break;
 4916   3                  }
 4917   2      
 4918   2                  traceTASK_NOTIFY( uxIndexToNotify );
 4919   2      
 4920   2                  /* If the task is in the blocked state specifically to wait for a
 4921   2                   * notification then unblock it now. */
 4922   2                  if( ucOriginalNotifyState == taskWAITING_NOTIFICATION )
 4923   2                  {
 4924   3                      listREMOVE_ITEM( &( pxTCB->xStateListItem ) );
C251 COMPILER V5.60.0,  tasks                                                              03/12/25  17:09:37  PAGE 78  

 4925   3                      prvAddTaskToReadyList( pxTCB );
 4926   3      
 4927   3                      /* The task should not have been on an event list. */
 4928   3                      configASSERT( listLIST_ITEM_CONTAINER( &( pxTCB->xEventListItem ) ) == NULL );
 4929   3      
 4930   3                      #if ( configUSE_TICKLESS_IDLE != 0 )
                               {
                                   /* If a task is blocked waiting for a notification then
                                    * xNextTaskUnblockTime might be set to the blocked task's time
                                    * out time.  If the task is unblocked for a reason other than
                                    * a timeout xNextTaskUnblockTime is normally left unchanged,
                                    * because it will automatically get reset to a new value when
                                    * the tick count equals xNextTaskUnblockTime.  However if
                                    * tickless idling is used it might be more important to enter
                                    * sleep mode at the earliest possible time - so reset
                                    * xNextTaskUnblockTime here to ensure it is updated at the
                                    * earliest possible time. */
                                   prvResetNextTaskUnblockTime();
                               }
                               #endif
 4945   3      
 4946   3                      if( pxTCB->uxPriority > pxCurrentTCB->uxPriority )
 4947   3                      {
 4948   4                          /* The notified task has a priority above the currently
 4949   4                           * executing task so a yield is required. */
 4950   4                          taskYIELD_IF_USING_PREEMPTION();
 4951   4                      }
 4952   3                      else
 4953   3                      {
 4954   4                          mtCOVERAGE_TEST_MARKER();
 4955   4                      }
 4956   3                  }
 4957   2                  else
 4958   2                  {
 4959   3                      mtCOVERAGE_TEST_MARKER();
 4960   3                  }
 4961   2              }
 4962   1              taskEXIT_CRITICAL();
 4963   1      
 4964   1              return xReturn;
 4965   1          }
 4966          
 4967          #endif /* configUSE_TASK_NOTIFICATIONS */
 4968          /*-----------------------------------------------------------*/
 4969          
 4970          #if ( configUSE_TASK_NOTIFICATIONS == 1 )
 4971          
 4972              BaseType_t xTaskGenericNotifyFromISR( TaskHandle_t xTaskToNotify,
 4973                                                    UBaseType_t uxIndexToNotify,
 4974                                                    uint32_t ulValue,
 4975                                                    eNotifyAction eAction,
 4976                                                    uint32_t * pulPreviousNotificationValue,
 4977                                                    BaseType_t * pxHigherPriorityTaskWoken )
 4978              {
 4979   1              TCB_t * pxTCB;
 4980   1              uint8_t ucOriginalNotifyState;
 4981   1              BaseType_t xReturn = pdPASS;
 4982   1              UBaseType_t uxSavedInterruptStatus;
 4983   1      
 4984   1              configASSERT( xTaskToNotify );
 4985   1              configASSERT( uxIndexToNotify < configTASK_NOTIFICATION_ARRAY_ENTRIES );
 4986   1      
 4987   1              /* RTOS ports that support interrupt nesting have the concept of a
 4988   1               * maximum  system call (or maximum API call) interrupt priority.
 4989   1               * Interrupts that are  above the maximum system call priority are keep
 4990   1               * permanently enabled, even when the RTOS kernel is in a critical section,
C251 COMPILER V5.60.0,  tasks                                                              03/12/25  17:09:37  PAGE 79  

 4991   1               * but cannot make any calls to FreeRTOS API functions.  If configASSERT()
 4992   1               * is defined in FreeRTOSConfig.h then
 4993   1               * portASSERT_IF_INTERRUPT_PRIORITY_INVALID() will result in an assertion
 4994   1               * failure if a FreeRTOS API function is called from an interrupt that has
 4995   1               * been assigned a priority above the configured maximum system call
 4996   1               * priority.  Only FreeRTOS functions that end in FromISR can be called
 4997   1               * from interrupts  that have been assigned a priority at or (logically)
 4998   1               * below the maximum system call interrupt priority.  FreeRTOS maintains a
 4999   1               * separate interrupt safe API to ensure interrupt entry is as fast and as
 5000   1               * simple as possible.  More information (albeit Cortex-M specific) is
 5001   1               * provided on the following link:
 5002   1               * https://www.FreeRTOS.org/RTOS-Cortex-M3-M4.html */
 5003   1              portASSERT_IF_INTERRUPT_PRIORITY_INVALID();
 5004   1      
 5005   1              pxTCB = xTaskToNotify;
 5006   1      
 5007   1              uxSavedInterruptStatus = portSET_INTERRUPT_MASK_FROM_ISR();
 5008   1              {
 5009   2                  if( pulPreviousNotificationValue != NULL )
 5010   2                  {
 5011   3                      *pulPreviousNotificationValue = pxTCB->ulNotifiedValue[ uxIndexToNotify ];
 5012   3                  }
 5013   2      
 5014   2                  ucOriginalNotifyState = pxTCB->ucNotifyState[ uxIndexToNotify ];
 5015   2                  pxTCB->ucNotifyState[ uxIndexToNotify ] = taskNOTIFICATION_RECEIVED;
 5016   2      
 5017   2                  switch( eAction )
 5018   2                  {
 5019   3                      case eSetBits:
 5020   3                          pxTCB->ulNotifiedValue[ uxIndexToNotify ] |= ulValue;
 5021   3                          break;
 5022   3      
 5023   3                      case eIncrement:
 5024   3                          ( pxTCB->ulNotifiedValue[ uxIndexToNotify ] )++;
 5025   3                          break;
 5026   3      
 5027   3                      case eSetValueWithOverwrite:
 5028   3                          pxTCB->ulNotifiedValue[ uxIndexToNotify ] = ulValue;
 5029   3                          break;
 5030   3      
 5031   3                      case eSetValueWithoutOverwrite:
 5032   3      
 5033   3                          if( ucOriginalNotifyState != taskNOTIFICATION_RECEIVED )
 5034   3                          {
 5035   4                              pxTCB->ulNotifiedValue[ uxIndexToNotify ] = ulValue;
 5036   4                          }
 5037   3                          else
 5038   3                          {
 5039   4                              /* The value could not be written to the task. */
 5040   4                              xReturn = pdFAIL;
 5041   4                          }
 5042   3      
 5043   3                          break;
 5044   3      
 5045   3                      case eNoAction:
 5046   3      
 5047   3                          /* The task is being notified without its notify value being
 5048   3                           * updated. */
 5049   3                          break;
 5050   3      
 5051   3                      default:
 5052   3      
 5053   3                          /* Should not get here if all enums are handled.
 5054   3                           * Artificially force an assert by testing a value the
 5055   3                           * compiler can't assume is const. */
 5056   3                          configASSERT( xTickCount == ( TickType_t ) 0 );
C251 COMPILER V5.60.0,  tasks                                                              03/12/25  17:09:37  PAGE 80  

 5057   3                          break;
 5058   3                  }
 5059   2      
 5060   2                  traceTASK_NOTIFY_FROM_ISR( uxIndexToNotify );
 5061   2      
 5062   2                  /* If the task is in the blocked state specifically to wait for a
 5063   2                   * notification then unblock it now. */
 5064   2                  if( ucOriginalNotifyState == taskWAITING_NOTIFICATION )
 5065   2                  {
 5066   3                      /* The task should not have been on an event list. */
 5067   3                      configASSERT( listLIST_ITEM_CONTAINER( &( pxTCB->xEventListItem ) ) == NULL );
 5068   3      
 5069   3                      if( uxSchedulerSuspended == ( UBaseType_t ) pdFALSE )
 5070   3                      {
 5071   4                          listREMOVE_ITEM( &( pxTCB->xStateListItem ) );
 5072   4                          prvAddTaskToReadyList( pxTCB );
 5073   4                      }
 5074   3                      else
 5075   3                      {
 5076   4                          /* The delayed and ready lists cannot be accessed, so hold
 5077   4                           * this task pending until the scheduler is resumed. */
 5078   4                          listINSERT_END( &( xPendingReadyList ), &( pxTCB->xEventListItem ) );
 5079   4                      }
 5080   3      
 5081   3                      if( pxTCB->uxPriority > pxCurrentTCB->uxPriority )
 5082   3                      {
 5083   4                          /* The notified task has a priority above the currently
 5084   4                           * executing task so a yield is required. */
 5085   4                          if( pxHigherPriorityTaskWoken != NULL )
 5086   4                          {
 5087   5                              *pxHigherPriorityTaskWoken = pdTRUE;
 5088   5                          }
 5089   4      
 5090   4                          /* Mark that a yield is pending in case the user is not
 5091   4                           * using the "xHigherPriorityTaskWoken" parameter to an ISR
 5092   4                           * safe FreeRTOS function. */
 5093   4                          xYieldPending = pdTRUE;
 5094   4                      }
 5095   3                      else
 5096   3                      {
 5097   4                          mtCOVERAGE_TEST_MARKER();
 5098   4                      }
 5099   3                  }
 5100   2              }
 5101   1              portCLEAR_INTERRUPT_MASK_FROM_ISR( uxSavedInterruptStatus );
 5102   1      
 5103   1              return xReturn;
 5104   1          }
 5105          
 5106          #endif /* configUSE_TASK_NOTIFICATIONS */
 5107          /*-----------------------------------------------------------*/
 5108          
 5109          #if ( configUSE_TASK_NOTIFICATIONS == 1 )
 5110          
 5111              void vTaskGenericNotifyGiveFromISR( TaskHandle_t xTaskToNotify,
 5112                                                  UBaseType_t uxIndexToNotify,
 5113                                                  BaseType_t * pxHigherPriorityTaskWoken )
 5114              {
 5115   1              TCB_t * pxTCB;
 5116   1              uint8_t ucOriginalNotifyState;
 5117   1              UBaseType_t uxSavedInterruptStatus;
 5118   1      
 5119   1              configASSERT( xTaskToNotify );
 5120   1              configASSERT( uxIndexToNotify < configTASK_NOTIFICATION_ARRAY_ENTRIES );
 5121   1      
 5122   1              /* RTOS ports that support interrupt nesting have the concept of a
C251 COMPILER V5.60.0,  tasks                                                              03/12/25  17:09:37  PAGE 81  

 5123   1               * maximum  system call (or maximum API call) interrupt priority.
 5124   1               * Interrupts that are  above the maximum system call priority are keep
 5125   1               * permanently enabled, even when the RTOS kernel is in a critical section,
 5126   1               * but cannot make any calls to FreeRTOS API functions.  If configASSERT()
 5127   1               * is defined in FreeRTOSConfig.h then
 5128   1               * portASSERT_IF_INTERRUPT_PRIORITY_INVALID() will result in an assertion
 5129   1               * failure if a FreeRTOS API function is called from an interrupt that has
 5130   1               * been assigned a priority above the configured maximum system call
 5131   1               * priority.  Only FreeRTOS functions that end in FromISR can be called
 5132   1               * from interrupts  that have been assigned a priority at or (logically)
 5133   1               * below the maximum system call interrupt priority.  FreeRTOS maintains a
 5134   1               * separate interrupt safe API to ensure interrupt entry is as fast and as
 5135   1               * simple as possible.  More information (albeit Cortex-M specific) is
 5136   1               * provided on the following link:
 5137   1               * https://www.FreeRTOS.org/RTOS-Cortex-M3-M4.html */
 5138   1              portASSERT_IF_INTERRUPT_PRIORITY_INVALID();
 5139   1      
 5140   1              pxTCB = xTaskToNotify;
 5141   1      
 5142   1              uxSavedInterruptStatus = portSET_INTERRUPT_MASK_FROM_ISR();
 5143   1              {
 5144   2                  ucOriginalNotifyState = pxTCB->ucNotifyState[ uxIndexToNotify ];
 5145   2                  pxTCB->ucNotifyState[ uxIndexToNotify ] = taskNOTIFICATION_RECEIVED;
 5146   2      
 5147   2                  /* 'Giving' is equivalent to incrementing a count in a counting
 5148   2                   * semaphore. */
 5149   2                  ( pxTCB->ulNotifiedValue[ uxIndexToNotify ] )++;
 5150   2      
 5151   2                  traceTASK_NOTIFY_GIVE_FROM_ISR( uxIndexToNotify );
 5152   2      
 5153   2                  /* If the task is in the blocked state specifically to wait for a
 5154   2                   * notification then unblock it now. */
 5155   2                  if( ucOriginalNotifyState == taskWAITING_NOTIFICATION )
 5156   2                  {
 5157   3                      /* The task should not have been on an event list. */
 5158   3                      configASSERT( listLIST_ITEM_CONTAINER( &( pxTCB->xEventListItem ) ) == NULL );
 5159   3      
 5160   3                      if( uxSchedulerSuspended == ( UBaseType_t ) pdFALSE )
 5161   3                      {
 5162   4                          listREMOVE_ITEM( &( pxTCB->xStateListItem ) );
 5163   4                          prvAddTaskToReadyList( pxTCB );
 5164   4                      }
 5165   3                      else
 5166   3                      {
 5167   4                          /* The delayed and ready lists cannot be accessed, so hold
 5168   4                           * this task pending until the scheduler is resumed. */
 5169   4                          listINSERT_END( &( xPendingReadyList ), &( pxTCB->xEventListItem ) );
 5170   4                      }
 5171   3      
 5172   3                      if( pxTCB->uxPriority > pxCurrentTCB->uxPriority )
 5173   3                      {
 5174   4                          /* The notified task has a priority above the currently
 5175   4                           * executing task so a yield is required. */
 5176   4                          if( pxHigherPriorityTaskWoken != NULL )
 5177   4                          {
 5178   5                              *pxHigherPriorityTaskWoken = pdTRUE;
 5179   5                          }
 5180   4      
 5181   4                          /* Mark that a yield is pending in case the user is not
 5182   4                           * using the "xHigherPriorityTaskWoken" parameter in an ISR
 5183   4                           * safe FreeRTOS function. */
 5184   4                          xYieldPending = pdTRUE;
 5185   4                      }
 5186   3                      else
 5187   3                      {
 5188   4                          mtCOVERAGE_TEST_MARKER();
C251 COMPILER V5.60.0,  tasks                                                              03/12/25  17:09:37  PAGE 82  

 5189   4                      }
 5190   3                  }
 5191   2              }
 5192   1              portCLEAR_INTERRUPT_MASK_FROM_ISR( uxSavedInterruptStatus );
 5193   1          }
 5194          
 5195          #endif /* configUSE_TASK_NOTIFICATIONS */
 5196          /*-----------------------------------------------------------*/
 5197          
 5198          #if ( configUSE_TASK_NOTIFICATIONS == 1 )
 5199          
 5200              BaseType_t xTaskGenericNotifyStateClear( TaskHandle_t xTask,
 5201                                                       UBaseType_t uxIndexToClear )
 5202              {
 5203   1              TCB_t * pxTCB;
 5204   1              BaseType_t xReturn;
 5205   1      
 5206   1              configASSERT( uxIndexToClear < configTASK_NOTIFICATION_ARRAY_ENTRIES );
 5207   1      
 5208   1              /* If null is passed in here then it is the calling task that is having
 5209   1               * its notification state cleared. */
 5210   1              pxTCB = prvGetTCBFromHandle( xTask );
 5211   1      
 5212   1              taskENTER_CRITICAL();
 5213   1              {
 5214   2                  if( pxTCB->ucNotifyState[ uxIndexToClear ] == taskNOTIFICATION_RECEIVED )
 5215   2                  {
 5216   3                      pxTCB->ucNotifyState[ uxIndexToClear ] = taskNOT_WAITING_NOTIFICATION;
 5217   3                      xReturn = pdPASS;
 5218   3                  }
 5219   2                  else
 5220   2                  {
 5221   3                      xReturn = pdFAIL;
 5222   3                  }
 5223   2              }
 5224   1              taskEXIT_CRITICAL();
 5225   1      
 5226   1              return xReturn;
 5227   1          }
 5228          
 5229          #endif /* configUSE_TASK_NOTIFICATIONS */
 5230          /*-----------------------------------------------------------*/
 5231          
 5232          #if ( configUSE_TASK_NOTIFICATIONS == 1 )
 5233          
 5234              uint32_t ulTaskGenericNotifyValueClear( TaskHandle_t xTask,
 5235                                                      UBaseType_t uxIndexToClear,
 5236                                                      uint32_t ulBitsToClear )
 5237              {
 5238   1              TCB_t * pxTCB;
 5239   1              uint32_t ulReturn;
 5240   1      
 5241   1              /* If null is passed in here then it is the calling task that is having
 5242   1               * its notification state cleared. */
 5243   1              pxTCB = prvGetTCBFromHandle( xTask );
 5244   1      
 5245   1              taskENTER_CRITICAL();
 5246   1              {
 5247   2                  /* Return the notification as it was before the bits were cleared,
 5248   2                   * then clear the bit mask. */
 5249   2                  ulReturn = pxTCB->ulNotifiedValue[ uxIndexToClear ];
 5250   2                  pxTCB->ulNotifiedValue[ uxIndexToClear ] &= ~ulBitsToClear;
 5251   2              }
 5252   1              taskEXIT_CRITICAL();
 5253   1      
 5254   1              return ulReturn;
C251 COMPILER V5.60.0,  tasks                                                              03/12/25  17:09:37  PAGE 83  

 5255   1          }
 5256          
 5257          #endif /* configUSE_TASK_NOTIFICATIONS */
 5258          /*-----------------------------------------------------------*/
 5259          
 5260          #if ( ( configGENERATE_RUN_TIME_STATS == 1 ) && ( INCLUDE_xTaskGetIdleTaskHandle == 1 ) )
               
                   configRUN_TIME_COUNTER_TYPE ulTaskGetIdleRunTimeCounter( void )
                   {
                       return xIdleTaskHandle->ulRunTimeCounter;
                   }
               
               #endif
 5268          /*-----------------------------------------------------------*/
 5269          
 5270          #if ( ( configGENERATE_RUN_TIME_STATS == 1 ) && ( INCLUDE_xTaskGetIdleTaskHandle == 1 ) )
               
                   configRUN_TIME_COUNTER_TYPE ulTaskGetIdleRunTimePercent( void )
                   {
                       configRUN_TIME_COUNTER_TYPE ulTotalTime, ulReturn;
               
                       ulTotalTime = portGET_RUN_TIME_COUNTER_VALUE();
               
                       /* For percentage calculations. */
                       ulTotalTime /= ( configRUN_TIME_COUNTER_TYPE ) 100;
               
                       /* Avoid divide by zero errors. */
                       if( ulTotalTime > ( configRUN_TIME_COUNTER_TYPE ) 0 )
                       {
                           ulReturn = xIdleTaskHandle->ulRunTimeCounter / ulTotalTime;
                       }
                       else
                       {
                           ulReturn = 0;
                       }
               
                       return ulReturn;
                   }
               
               #endif /* if ( ( configGENERATE_RUN_TIME_STATS == 1 ) && ( INCLUDE_xTaskGetIdleTaskHandle == 1 ) ) */
 5295          /*-----------------------------------------------------------*/
 5296          
 5297          static void prvAddCurrentTaskToDelayedList( TickType_t xTicksToWait,
 5298                                                      const BaseType_t xCanBlockIndefinitely )
 5299          {
 5300   1          TickType_t xTimeToWake;
 5301   1          const TickType_t xConstTickCount = xTickCount;
 5302   1      
 5303   1          #if ( INCLUDE_xTaskAbortDelay == 1 )
                   {
                       /* About to enter a delayed list, so ensure the ucDelayAborted flag is
                        * reset to pdFALSE so it can be detected as having been set to pdTRUE
                        * when the task leaves the Blocked state. */
                       pxCurrentTCB->ucDelayAborted = pdFALSE;
                   }
                   #endif
 5311   1      
 5312   1          /* Remove the task from the ready list before adding it to the blocked list
 5313   1           * as the same list item is used for both lists. */
 5314   1          if( uxListRemove( &( pxCurrentTCB->xStateListItem ) ) == ( UBaseType_t ) 0 )
 5315   1          {
 5316   2              /* The current task must be in a ready list, so there is no need to
 5317   2               * check, and the port reset macro can be called directly. */
 5318   2              portRESET_READY_PRIORITY( pxCurrentTCB->uxPriority, uxTopReadyPriority ); /*lint !e931 pxCurrentT
             -CB cannot change as it is the calling task.  pxCurrentTCB->uxPriority and uxTopReadyPriority cannot change as called wit
             -h scheduler suspended or in a critical section. */
C251 COMPILER V5.60.0,  tasks                                                              03/12/25  17:09:37  PAGE 84  

 5319   2          }
 5320   1          else
 5321   1          {
 5322   2              mtCOVERAGE_TEST_MARKER();
 5323   2          }
 5324   1      
 5325   1          #if ( INCLUDE_vTaskSuspend == 1 )
 5326   1          {
 5327   2              if( ( xTicksToWait == portMAX_DELAY ) && ( xCanBlockIndefinitely != pdFALSE ) )
 5328   2              {
 5329   3                  /* Add the task to the suspended task list instead of a delayed task
 5330   3                   * list to ensure it is not woken by a timing event.  It will block
 5331   3                   * indefinitely. */
 5332   3                  listINSERT_END( &xSuspendedTaskList, &( pxCurrentTCB->xStateListItem ) );
 5333   3              }
 5334   2              else
 5335   2              {
 5336   3                  /* Calculate the time at which the task should be woken if the event
 5337   3                   * does not occur.  This may overflow but this doesn't matter, the
 5338   3                   * kernel will manage it correctly. */
 5339   3                  xTimeToWake = xConstTickCount + xTicksToWait;
 5340   3      
 5341   3                  /* The list item will be inserted in wake time order. */
 5342   3                  listSET_LIST_ITEM_VALUE( &( pxCurrentTCB->xStateListItem ), xTimeToWake );
 5343   3      
 5344   3                  if( xTimeToWake < xConstTickCount )
 5345   3                  {
 5346   4                      /* Wake time has overflowed.  Place this item in the overflow
 5347   4                       * list. */
 5348   4                      vListInsert( pxOverflowDelayedTaskList, &( pxCurrentTCB->xStateListItem ) );
 5349   4                  }
 5350   3                  else
 5351   3                  {
 5352   4                      /* The wake time has not overflowed, so the current block list
 5353   4                       * is used. */
 5354   4                      vListInsert( pxDelayedTaskList, &( pxCurrentTCB->xStateListItem ) );
 5355   4      
 5356   4                      /* If the task entering the blocked state was placed at the
 5357   4                       * head of the list of blocked tasks then xNextTaskUnblockTime
 5358   4                       * needs to be updated too. */
 5359   4                      if( xTimeToWake < xNextTaskUnblockTime )
 5360   4                      {
 5361   5                          xNextTaskUnblockTime = xTimeToWake;
 5362   5                      }
 5363   4                      else
 5364   4                      {
 5365   5                          mtCOVERAGE_TEST_MARKER();
 5366   5                      }
 5367   4                  }
 5368   3              }
 5369   2          }
 5370   1          #else /* INCLUDE_vTaskSuspend */
                   {
                       /* Calculate the time at which the task should be woken if the event
                        * does not occur.  This may overflow but this doesn't matter, the kernel
                        * will manage it correctly. */
                       xTimeToWake = xConstTickCount + xTicksToWait;
               
                       /* The list item will be inserted in wake time order. */
                       listSET_LIST_ITEM_VALUE( &( pxCurrentTCB->xStateListItem ), xTimeToWake );
               
                       if( xTimeToWake < xConstTickCount )
                       {
                           /* Wake time has overflowed.  Place this item in the overflow list. */
                           vListInsert( pxOverflowDelayedTaskList, &( pxCurrentTCB->xStateListItem ) );
                       }
C251 COMPILER V5.60.0,  tasks                                                              03/12/25  17:09:37  PAGE 85  

                       else
                       {
                           /* The wake time has not overflowed, so the current block list is used. */
                           vListInsert( pxDelayedTaskList, &( pxCurrentTCB->xStateListItem ) );
               
                           /* If the task entering the blocked state was placed at the head of the
                            * list of blocked tasks then xNextTaskUnblockTime needs to be updated
                            * too. */
                           if( xTimeToWake < xNextTaskUnblockTime )
                           {
                               xNextTaskUnblockTime = xTimeToWake;
                           }
                           else
                           {
                               mtCOVERAGE_TEST_MARKER();
                           }
                       }
               
                       /* Avoid compiler warning when INCLUDE_vTaskSuspend is not 1. */
                       ( void ) xCanBlockIndefinitely;
                   }
                   #endif /* INCLUDE_vTaskSuspend */
 5407   1      }
 5408          
 5409          /* Code below here allows additional code to be inserted into this source file,
 5410           * especially where access to file scope functions and data is needed (for example
 5411           * when performing module tests). */
 5412          
 5413          #ifdef FREERTOS_MODULE_TEST
                   #include "tasks_test_access_functions.h"
               #endif
 5416          
 5417          
 5418          #if ( configINCLUDE_FREERTOS_TASK_C_ADDITIONS_H == 1 )
               
                   #include "freertos_tasks_c_additions.h"
               
                   #ifdef FREERTOS_TASKS_C_ADDITIONS_INIT
                       static void freertos_tasks_c_additions_init( void )
                       {
                           FREERTOS_TASKS_C_ADDITIONS_INIT();
                       }
                   #endif
               
               #endif /* if ( configINCLUDE_FREERTOS_TASK_C_ADDITIONS_H == 1 ) */


Module Information          Static   Overlayable
------------------------------------------------
  code size            =     10448     ------
  ecode size           =    ------     ------
  data size            =    ------     ------
  idata size           =    ------     ------
  pdata size           =    ------     ------
  xdata size           =    ------     ------
  xdata-const size     =    ------     ------
  edata size           =       379     ------
  bit size             =    ------     ------
  ebit size            =    ------     ------
  bitaddressable size  =    ------     ------
  ebitaddressable size =    ------     ------
  far data size        =    ------     ------
  huge data size       =    ------     ------
  const size           =    ------     ------
  hconst size          =       141     ------
End of Module Information.


C251 COMPILATION COMPLETE.  0 WARNING(S),  0 ERROR(S)
